file;emitter;name;placa_extraida;placa_confianca;placa_origem;hodometro_extraido;hodometro_confianca;hodometro_origem
15260512852447000178550010003572091006833633.xml;12852447000178;POSTO TREVAO CACHOEIRA DA SERRA;RAQ5F96;70;PROCON - TELEFONE: 151 OU (91) 3073-2827 - TRAVESSA LOMAS VALENTINAS , N 1.150 - BAIRRO: PEDREIRA - BELEM - PARA - CEP: 66.087-441 Cliente: 13966005 Vendedor: 39715006 - NAIARA LEITE DO NASCIMENTO Pedidos: 796872, PIX BANCARIO , PLACA: RAQ5F96/MT, HORIMETRO: , KM: 414457, MOTORISTA: CLOVES, Frentist;414457;105;PROCON - TELEFONE: 151 OU (91) 3073-2827 - TRAVESSA LOMAS VALENTINAS , N 1.150 - BAIRRO: PEDREIRA - BELEM - PARA - CEP: 66.087-441 Cliente: 13966005 Vendedor: 39715006 - NAIARA LEITE DO NASCIMENTO Pedidos: 796872, PIX BANCARIO , PLACA: RAQ5F96/MT, HORIMETRO: , KM: 414457, MOTORISTA: CLOVES, Frentista(s): [40839006-JOVENILDO BARBOSA CALDAS ] Valor Aprox. Trib: 101,89 Fed.198,81 Est. Fonte: IBPT 26.
15260534453861000147550540000173011007777891.xml;34453861000147;POSTO PLANALTO;RAQ5F96;98;RESUMO PAGAMENTO: 1024,50|  - DEPOSITO: R$ 1024,50|ICMS monofasico sobre combustiveis cobrado anteriormente conforme Convenio(s) ICMS 199/2022 Vlr R$ 175,50-Sequencia:777789 -Terminal:CAIXA_4 -Op:KARINA C:102730 E:102968 -Placa:RAQ5F96|Trib aprox R$85,03 Fed, R$181,34 Est, R$0,00 Mun/Fonte IBPT|MP 1;;0;
15260536350167000120550120000258241004582951.xml;36350167000120;POSTO MIMOSO;RAT8F79;70;RESUMO PAGAMENTO: 819,54|  - DEPOSITO: R$ 819,54|ICMS monofasico sobre combustiveis cobrado anteriormente conforme Convenio(s) ICMS 199/2022 Vlr R$ 147,29-Sequencia:458295 -Terminal:PDV2 -Op:SANDRA C:283 E:283 -Placa:RAT8F79 -km:469852 -media:37.27 k/l|Trib aprox R$68,02 Fed, R$145,06 Est, R$0,00 Mu;469852;105;RESUMO PAGAMENTO: 819,54|  - DEPOSITO: R$ 819,54|ICMS monofasico sobre combustiveis cobrado anteriormente conforme Convenio(s) ICMS 199/2022 Vlr R$ 147,29-Sequencia:458295 -Terminal:PDV2 -Op:SANDRA C:283 E:283 -Placa:RAT8F79 -km:469852 -media:37.27 k/l|Trib aprox R$68,02 Fed, R$145,06 Est, R$0,00 Mun/Fonte IBPT|MP 1340/2026: Subvencao de R$0,32/L ate 31/12/26 sem alteracao no PIS/COFINS
15260536350167000120550120000259721004590418.xml;36350167000120;POSTO MIMOSO;RAT8F79;70;RESUMO PAGAMENTO: 1041,60|  - DEPOSITO: R$ 1041,60|ICMS monofasico sobre combustiveis cobrado anteriormente conforme Convenio(s) ICMS 199/2022 Vlr R$ 187,20-Sequencia:459041 -Terminal:PDV2 -Op:SANDRA C:283 E:283 -Placa:RAT8F79 -km:470338 -media:3.04 k/l|Trib aprox R$86,45 Fed, R$184,36 Est, R$0,00 M;470338;105;RESUMO PAGAMENTO: 1041,60|  - DEPOSITO: R$ 1041,60|ICMS monofasico sobre combustiveis cobrado anteriormente conforme Convenio(s) ICMS 199/2022 Vlr R$ 187,20-Sequencia:459041 -Terminal:PDV2 -Op:SANDRA C:283 E:283 -Placa:RAT8F79 -km:470338 -media:3.04 k/l|Trib aprox R$86,45 Fed, R$184,36 Est, R$0,00 Mun/Fonte IBPT|MP 1340/2026: Subvencao de R$0,32/L ate 31/12/26 sem alteracao no PIS/COFINS
15260536350167000120550120000260341004593608.xml;36350167000120;POSTO MIMOSO;RAU3I63;70;RESUMO PAGAMENTO: 1564,92|  - DEPOSITO: R$ 1564,92|ICMS monofasico sobre combustiveis cobrado anteriormente conforme Convenio(s) ICMS 199/2022 Vlr R$ 284,31-Sequencia:459360 -Terminal:PDV2 -Op:JAQUELINA C:283 E:283 -Placa:RAU3I63 -km:466997 -media:10.95 k/l|Trib aprox R$129,89 Fed, R$276,99 Est, R$0;466997;105;RESUMO PAGAMENTO: 1564,92|  - DEPOSITO: R$ 1564,92|ICMS monofasico sobre combustiveis cobrado anteriormente conforme Convenio(s) ICMS 199/2022 Vlr R$ 284,31-Sequencia:459360 -Terminal:PDV2 -Op:JAQUELINA C:283 E:283 -Placa:RAU3I63 -km:466997 -media:10.95 k/l|Trib aprox R$129,89 Fed, R$276,99 Est, R$0,00 Mun/Fonte IBPT|OBS:D. BARBIERO  CIA LTDA|MP 1340/2026: Subvencao de R$0,32/L ate 31/12/26 sem al
15260536350167000120550120000263691004610059.xml;36350167000120;POSTO MIMOSO;RAT8F79;70;RESUMO PAGAMENTO: 1043,28|  - DEPOSITO: R$ 1043,28|ICMS monofasico sobre combustiveis cobrado anteriormente conforme Convenio(s) ICMS 199/2022 Vlr R$ 189,54-Sequencia:461005 -Terminal:PDV2 -Op:JAQUELINA C:283 E:283 -Placa:RAT8F79 -km:471778 -media:8.89 k/l|Trib aprox R$86,59 Fed, R$184,66 Est, R$0,0;471778;105;RESUMO PAGAMENTO: 1043,28|  - DEPOSITO: R$ 1043,28|ICMS monofasico sobre combustiveis cobrado anteriormente conforme Convenio(s) ICMS 199/2022 Vlr R$ 189,54-Sequencia:461005 -Terminal:PDV2 -Op:JAQUELINA C:283 E:283 -Placa:RAT8F79 -km:471778 -media:8.89 k/l|Trib aprox R$86,59 Fed, R$184,66 Est, R$0,00 Mun/Fonte IBPT|OBS:D. BARBIERO E CIA LTDA|MP 1340/2026: Subvencao de R$0,32/L ate 31/12/26 sem alt
15260536350167000120550120000264941004615822.xml;36350167000120;POSTO MIMOSO;RAT8F79;70;RESUMO PAGAMENTO: 322,00|  - DEPOSITO: R$ 322,00|ICMS monofasico sobre combustiveis cobrado anteriormente conforme Convenio(s) ICMS 199/2022 Vlr R$ 58,50-Sequencia:461582 -Terminal:PDV2 -Op:JAQUELINA C:283 E:283 -Placa:RAT8F79 -km:472301 -media:10.46 k/l|Trib aprox R$26,73 Fed, R$56,99 Est, R$0,00 M;472301;105;RESUMO PAGAMENTO: 322,00|  - DEPOSITO: R$ 322,00|ICMS monofasico sobre combustiveis cobrado anteriormente conforme Convenio(s) ICMS 199/2022 Vlr R$ 58,50-Sequencia:461582 -Terminal:PDV2 -Op:JAQUELINA C:283 E:283 -Placa:RAT8F79 -km:472301 -media:10.46 k/l|Trib aprox R$26,73 Fed, R$56,99 Est, R$0,00 Mun/Fonte IBPT|MP 1340/2026: Subvencao de R$0,32/L ate 31/12/26 sem alteracao no PIS/COFINS
15260612852447000178550010003664841006959406.xml;12852447000178;POSTO TREVAO CACHOEIRA DA SERRA;RAQ5F96;70;PROCON - TELEFONE: 151 OU (91) 3073-2827 - TRAVESSA LOMAS VALENTINAS , N 1.150 - BAIRRO: PEDREIRA - BELEM - PARA - CEP: 66.087-441 Cliente: 13966005 Vendedor: 27973006 - ALINE TAINA DO NASCIMENTO RODR Pedidos: 815876, PIX BANCARIO , PLACA: RAQ5F96/MT, HORIMETRO: , KM: 427429, MOTORISTA: avista, Fren;427429;105;PROCON - TELEFONE: 151 OU (91) 3073-2827 - TRAVESSA LOMAS VALENTINAS , N 1.150 - BAIRRO: PEDREIRA - BELEM - PARA - CEP: 66.087-441 Cliente: 13966005 Vendedor: 27973006 - ALINE TAINA DO NASCIMENTO RODR Pedidos: 815876, PIX BANCARIO , PLACA: RAQ5F96/MT, HORIMETRO: , KM: 427429, MOTORISTA: avista, Frentista(s): [44590006-RIAN ABREU DOS SANTOS] Valor Aprox. Trib: 118,46 Fed.239,13 Est. Fonte: IBPT 26.
15260612852447000178550010003680051006979184.xml;12852447000178;POSTO TREVAO CACHOEIRA DA SERRA;RAU3I63;70;PROCON - TELEFONE: 151 OU (91) 3073-2827 - TRAVESSA LOMAS VALENTINAS , N 1.150 - BAIRRO: PEDREIRA - BELEM - PARA - CEP: 66.087-441 Cliente: 13966005 Vendedor: 27973006 - ALINE TAINA DO NASCIMENTO RODR Pedidos: 818828, PIX BANCARIO , PLACA: RAU3I63/MT, HORIMETRO: , KM: 477033, MOTORISTA: avista, MEDI;477033;105;PROCON - TELEFONE: 151 OU (91) 3073-2827 - TRAVESSA LOMAS VALENTINAS , N 1.150 - BAIRRO: PEDREIRA - BELEM - PARA - CEP: 66.087-441 Cliente: 13966005 Vendedor: 27973006 - ALINE TAINA DO NASCIMENTO RODR Pedidos: 818828, PIX BANCARIO , PLACA: RAU3I63/MT, HORIMETRO: , KM: 477033, MOTORISTA: avista, MEDIA KM/L: 157,17, Frentista(s): [41462006-JOSE ALAN PEREIRA COELHO] Valor Aprox. Trib: 65,04 Fed.138,7
15260612852447000259550910000205321251455246.xml;12852447000259;POSTO TREVAO CACHOEIRA DA SERRA LTDA;RAT8F79;98;Trib aprox R$ 69,42 Fed | R$ 148,04 Est | R$ 0,00 Mun | Fonte IBPT(26.1.K) | Caixa: 1481 | Funcionario: 54 - IRLANE DA SILVA DE OLIVEIRA | Frentistas: 54 | Placa: RAT8F79 | KM: 475500 | ECONOMIA DE: R$ 24,64 | Forma de Pagamento: | PIX BRADESCO: R$ 836,39 | ICMS MONOFASICO COBRADO ANTERIORMENTE CONF;475500;105;Trib aprox R$ 69,42 Fed | R$ 148,04 Est | R$ 0,00 Mun | Fonte IBPT(26.1.K) | Caixa: 1481 | Funcionario: 54 - IRLANE DA SILVA DE OLIVEIRA | Frentistas: 54 | Placa: RAT8F79 | KM: 475500 | ECONOMIA DE: R$ 24,64 | Forma de Pagamento: | PIX BRADESCO: R$ 836,39 | ICMS MONOFASICO COBRADO ANTERIORMENTE CONFORME CONVENIO ICMS 199/2022 | DS - DIESEL S10 ADITIVADO COM QUANTIDADE DE BASE DE CALCULO DE ICMS MO
15260612852447000259550910000207361475263464.xml;12852447000259;POSTO TREVAO CACHOEIRA DA SERRA LTDA;;0;;;0;
15260634453861000147550540000187931007914955.xml;34453861000147;POSTO PLANALTO;RAQ5F96;70;RESUMO PAGAMENTO: 1299,38|  - DEPOSITO: R$ 1299,38|ICMS monofasico sobre combustiveis cobrado anteriormente conforme Convenio(s) ICMS 199/2022 Vlr R$ 217,62-Sequencia:791495 -Terminal:CAIXA_4 -Op:KARINA C:102730 E:102968 -Placa:RAQ5F96 -km:423279|Trib aprox R$110,39 Fed, R$223,22 Est, R$0,00 Mun/Fon;423279;105;RESUMO PAGAMENTO: 1299,38|  - DEPOSITO: R$ 1299,38|ICMS monofasico sobre combustiveis cobrado anteriormente conforme Convenio(s) ICMS 199/2022 Vlr R$ 217,62-Sequencia:791495 -Terminal:CAIXA_4 -Op:KARINA C:102730 E:102968 -Placa:RAQ5F96 -km:423279|Trib aprox R$110,39 Fed, R$223,22 Est, R$0,00 Mun/Fonte IBPT|MP 1340/2026: Subvencao de R$0,32/L ate 31/12/26 sem alteracao no PIS/COFINS
15260636350167000120550120000271011004648294.xml;36350167000120;POSTO MIMOSO;RAU3I63;70;RESUMO PAGAMENTO: 837,20|  - DEPOSITO: R$ 837,20|ICMS monofasico sobre combustiveis cobrado anteriormente conforme Convenio(s) ICMS 199/2022 Vlr R$ 152,10-Sequencia:464829 -Terminal:PDV2 -Op:JAQUELINA C:283 E:283 -Placa:RAU3I63 -km:471905 -media:37.75 k/l|Trib aprox R$69,49 Fed, R$148,18 Est, R$0,00;471905;105;RESUMO PAGAMENTO: 837,20|  - DEPOSITO: R$ 837,20|ICMS monofasico sobre combustiveis cobrado anteriormente conforme Convenio(s) ICMS 199/2022 Vlr R$ 152,10-Sequencia:464829 -Terminal:PDV2 -Op:JAQUELINA C:283 E:283 -Placa:RAU3I63 -km:471905 -media:37.75 k/l|Trib aprox R$69,49 Fed, R$148,18 Est, R$0,00 Mun/Fonte IBPT|OBS:D. BARBIERO  CIA LTDA|MP 1340/2026: Subvencao de R$0,32/L ate 31/12/26 sem alter
15260649676416000113550020000003521202018585.xml;49676416000113;POSTO AMIGAO CASTELO DOS SONHOS;RRP4G51;98;Tributos Aproximados: R$ 429,60 (8,42%) Federais, R$ 885,75 (17,37%) Estaduais, R$ 0,00 (0,00%) Municipais, Total Tributos: R$ 1.315,35 Fonte: IBPT Chave: 92589A   #CE:T01 B03 B12 EI8001095,450  EF8001875,450  V000780,000  #CE:T06 B09 B23 EI121461,232  EF121494,070  V000032,838     DIFAL da UF desti;257633;108;Tributos Aproximados: R$ 429,60 (8,42%) Federais, R$ 885,75 (17,37%) Estaduais, R$ 0,00 (0,00%) Municipais, Total Tributos: R$ 1.315,35 Fonte: IBPT Chave: 92589A   #CE:T01 B03 B12 EI8001095,450  EF8001875,450  V000780,000  #CE:T06 B09 B23 EI121461,232  EF121494,070  V000032,838     DIFAL da UF destino R$2,47   KM: 257633   Placa: RRP4G51 - KM / HM: 257633
15260649676416000113550030000135481928004314.xml;49676416000113;POSTO AMIGAO CASTELO DOS SONHOS LTDA;NUBO84KM;75;"|  |NOME:D. BARBIERO  CIA LTDA|CPF/CNPJ:15.209.274/0001-62RG/IE:134640012|PLACA:NUBO84KM:0|FRETISTA: VITOR GABRIEL REIS NERES|D. ADICIONAIS: MIRO|OPERADOR CX:KEMILLY|ASSINATURA:_______________________________| ICMS monofasico sobre combustiveis cobrado anteriormente conforme Convenio ICMS 126/2024; ";;0;
15260730567274000128550010001520281370949565.xml;30567274000128;AUTO POSTO AMAZONIA;RAQ5F96;98;| Trib aprox R$: 108,63 Federal e 218,59 Estadual| Fonte: IBPT/empresometro.com.br    80DB15Numero do Pedido: 0578132 Vend.: 060-SILVANA NOVO| Placa: RAQ5F96| Km: 435576;435576;112;PLACA/KM: RAQ5F96 / 435576
15260749676416000113550020000011951031200427.xml;49676416000113;POSTO AMIGAO CASTELO DOS SONHOS;RAQ5F96;98;Placa: RAQ5F96 - KM / HM: 429656   KM: 429656   DIFAL da UF destino R$1,04   #CE:T07 B10 B24 EI244376,786  EF244390,700  V000013,914  #CE:T01 B04 B15 EI7466455,244  EF7466655,250  V000200,006     Tributos Aproximados: R$ 112,27 (8,50%) Federais, R$ 226,53 (17,16%) Estaduais, R$ 0,00 (0,00%) Municipa;429656;108;Placa: RAQ5F96 - KM / HM: 429656   KM: 429656   DIFAL da UF destino R$1,04   #CE:T07 B10 B24 EI244376,786  EF244390,700  V000013,914  #CE:T01 B04 B15 EI7466455,244  EF7466655,250  V000200,006     Tributos Aproximados: R$ 112,27 (8,50%) Federais, R$ 226,53 (17,16%) Estaduais, R$ 0,00 (0,00%) Municipais, Total Tributos: R$ 338,80 Fonte: IBPT Chave: 42CA5A
15260749676416000113550020000012371032241498.xml;49676416000113;POSTO AMIGAO CASTELO DOS SONHOS;RAQ5F96;70;Placa: RAQ5F96 - Motorista: ADRIANO - KM / HM: 430139   KM: 430139 - Media: 2,74   DIFAL da UF destino R$1,02   #CE:T01 B04 B15 EI7471312,377  EF7471475,010  V000162,633  #CE:T07 B10 B24 EI244685,861  EF244699,370  V000013,509     Tributos Aproximados: R$ 92,39 (8,54%) Federais, R$ 184,53 (17,06%) E;430139;108;Placa: RAQ5F96 - Motorista: ADRIANO - KM / HM: 430139   KM: 430139 - Media: 2,74   DIFAL da UF destino R$1,02   #CE:T01 B04 B15 EI7471312,377  EF7471475,010  V000162,633  #CE:T07 B10 B24 EI244685,861  EF244699,370  V000013,509     Tributos Aproximados: R$ 92,39 (8,54%) Federais, R$ 184,53 (17,06%) Estaduais, R$ 0,00 (0,00%) Municipais, Total Tributos: R$ 276,92 Fonte: IBPT Chave: 42CA5A
15260749676416000113550020000017721111610271.xml;49676416000113;POSTO AMIGAO CASTELO DOS SONHOS;RAU3I63;70;Placa: RAU3I63 - Motorista: DIVINO - KM / HM: 479985   KM: 479985   #CE:T01 B04 B15 EI7520159,820  EF7520339,830  V000180,010     Tributos Aproximados: R$ 96,22 (8,30%) Federais, R$ 205,19 (17,70%) Estaduais, R$ 0,00 (0,00%) Municipais, Total Tributos: R$ 301,41 Fonte: IBPT Chave: 42CA5A;479985;108;Placa: RAU3I63 - Motorista: DIVINO - KM / HM: 479985   KM: 479985   #CE:T01 B04 B15 EI7520159,820  EF7520339,830  V000180,010     Tributos Aproximados: R$ 96,22 (8,30%) Federais, R$ 205,19 (17,70%) Estaduais, R$ 0,00 (0,00%) Municipais, Total Tributos: R$ 301,41 Fonte: IBPT Chave: 42CA5A
15260749676416000113550020000021291171606522.xml;49676416000113;POSTO AMIGAO CASTELO DOS SONHOS;RAU3I63;70;Placa: RAU3I63 - Motorista: DIVINO - KM / HM: 482004   KM: 482004 - Media: 8,78   #CE:T01 B05 B19 EI4987151,330  EF4987381,330  V000230,000     Tributos Aproximados: R$ 120,08 (8,30%) Federais, R$ 256,07 (17,70%) Estaduais, R$ 0,00 (0,00%) Municipais, Total Tributos: R$ 376,15 Fonte: IBPT Chave: 42C;482004;108;Placa: RAU3I63 - Motorista: DIVINO - KM / HM: 482004   KM: 482004 - Media: 8,78   #CE:T01 B05 B19 EI4987151,330  EF4987381,330  V000230,000     Tributos Aproximados: R$ 120,08 (8,30%) Federais, R$ 256,07 (17,70%) Estaduais, R$ 0,00 (0,00%) Municipais, Total Tributos: R$ 376,15 Fonte: IBPT Chave: 42CA5A
15260749676416000113550020000024891231240477.xml;49676416000113;POSTO AMIGAO CASTELO DOS SONHOS;RRP4G51;98;Tributos Aproximados: R$ 350,10 (8,45%) Federais, R$ 716,29 (17,29%) Estaduais, R$ 0,00 (0,00%) Municipais, Total Tributos: R$ 1.066,39 Fonte: IBPT Chave: 42CA5A   #CE:T06 B09 B23 EI132663,381  EF132696,130  V000032,749  #CE:T01 B03 B12 EI8231983,530  EF8232624,530  V000641,000     DIFAL da UF desti;268130;108;Tributos Aproximados: R$ 350,10 (8,45%) Federais, R$ 716,29 (17,29%) Estaduais, R$ 0,00 (0,00%) Municipais, Total Tributos: R$ 1.066,39 Fonte: IBPT Chave: 42CA5A   #CE:T06 B09 B23 EI132663,381  EF132696,130  V000032,749  #CE:T01 B03 B12 EI8231983,530  EF8232624,530  V000641,000     DIFAL da UF destino R$2,45   KM: 268130 - Media: 15,58   Placa: RRP4G51 - KM / HM: 268130
15260749676416000113550020000027541271515206.xml;49676416000113;POSTO AMIGAO CASTELO DOS SONHOS;RAU3I63;70;Tributos Aproximados: R$ 124,50 (8,30%) Federais, R$ 265,50 (17,70%) Estaduais, R$ 0,00 (0,00%) Municipais, Total Tributos: R$ 390,00 Fonte: IBPT Chave: 42CA5A   #CE:T01 B03 B13 EI3664416,086  EF3664655,320  V000239,234     KM: 484207 - Media: 9,21   Placa: RAU3I63 - Motorista: DIVINO - KM / HM: 484;484207;108;Tributos Aproximados: R$ 124,50 (8,30%) Federais, R$ 265,50 (17,70%) Estaduais, R$ 0,00 (0,00%) Municipais, Total Tributos: R$ 390,00 Fonte: IBPT Chave: 42CA5A   #CE:T01 B03 B13 EI3664416,086  EF3664655,320  V000239,234     KM: 484207 - Media: 9,21   Placa: RAU3I63 - Motorista: DIVINO - KM / HM: 484207
51260500345307000124550040008143101000550598.xml;00345307000124;POSTO REDENTOR;RAS2G89;98;PROCON Cuiaba/MTEndereco: Av. Historiador Rubens de Mendonca, 917 - Jardim Aeroporto, Cuiaba - MTTelefone (65) 3613-2100 - Cliente: 37667 Vendedor: 63171 - NAYAGELA DIAS SILVA [F] Pedidos: 65789, A PRAZO , PLACA: RAS2G89, HORIMETRO: , KM: 0, Frentista(s): [18282-ANTONIO DOMINGOS SOARES ALVES [F]] Va;;0;
51260500345307000124550040008154051000587319.xml;00345307000124;POSTO REDENTOR;RAU3I63;98;PROCON Cuiaba/MTEndereco: Av. Historiador Rubens de Mendonca, 917 - Jardim Aeroporto, Cuiaba - MTTelefone (65) 3613-2100 - Cliente: 37667 Vendedor: 60636 - DIULIENE VIEIRA DA SILVA [F] Pedidos: 70066, Dinheiro - PIX , PLACA: RAU3I63, HORIMETRO: , KM: 465303, MOTORISTA: DIVINO, Frentista(s): [62922-A;465303;105;PROCON Cuiaba/MTEndereco: Av. Historiador Rubens de Mendonca, 917 - Jardim Aeroporto, Cuiaba - MTTelefone (65) 3613-2100 - Cliente: 37667 Vendedor: 60636 - DIULIENE VIEIRA DA SILVA [F] Pedidos: 70066, Dinheiro - PIX , PLACA: RAU3I63, HORIMETRO: , KM: 465303, MOTORISTA: DIVINO, Frentista(s): [62922-ANDRE PELICER SILVA [F]] Valor Aprox. Trib: 61,56 Fed.130,64 Est. Fonte: IBPT 26.1.I
51260501048594000173550010000507641004165597.xml;01048594000173;POSTO DE SERVICOS CASTANHEIRA;RAQ5F96;70;KM: 419038 Placa: RAQ5F96 Motorista: ADRIANO;419038;105;KM: 419038 Placa: RAQ5F96 Motorista: ADRIANO
51260501369396000969550220000270881621897800.xml;01369396000969;POSTO TIO HILARIO;RAQ5F96;98;Trib aprox R$ 0,00 Fed | R$ 189,03 Est | R$ 0,00 Mun | Fonte IBPT(26.1.H) | Caixa: 2338 | Placa: RAQ5F96 | ECONOMIA DE: R$ 10,31 | Forma de Pagamento: | PIX : R$ 989,69 | | PROCON/MT AV. GEN. RAMIRO DE NORONHA, N 294 - 1 ANDAR - JARDIM CUIABA, CUIABA - MT, CEP 78043-180 | ICMS MONOFASICO COBRADO ANT;;0;
51260501369396000969550220000271201489520995.xml;01369396000969;POSTO TIO HILARIO;RAQ5F96;98;Trib aprox R$ 0,00 Fed | R$ 213,46 Est | R$ 0,00 Mun | Fonte IBPT(26.1.H) | Caixa: 2340 | Placa: RAQ5F96 | KM: 417092 | Media KM: 29,906 | ECONOMIA DE: R$ 11,64 | Forma de Pagamento: | PIX : R$ 1.117,60 | | PROCON/MT AV. GEN. RAMIRO DE NORONHA, N 294 - 1 ANDAR - JARDIM CUIABA, CUIABA - MT, CEP 78043;417092;105;Trib aprox R$ 0,00 Fed | R$ 213,46 Est | R$ 0,00 Mun | Fonte IBPT(26.1.H) | Caixa: 2340 | Placa: RAQ5F96 | KM: 417092 | Media KM: 29,906 | ECONOMIA DE: R$ 11,64 | Forma de Pagamento: | PIX : R$ 1.117,60 | | PROCON/MT AV. GEN. RAMIRO DE NORONHA, N 294 - 1 ANDAR - JARDIM CUIABA, CUIABA - MT, CEP 78043-180 | ICMS MONOFASICO COBRADO ANTERIORMENTE CONFORME CONVENIO ICMS 199/2022 | DS - DIESEL S10 COMUM
51260503983626000153550010000491301002783761.xml;03983626000153;AUTO POSTO 2001;RAQ5F96;70;KM: 419418 Placa: RAQ5F96 Motorista:;419418;105;KM: 419418 Placa: RAQ5F96 Motorista:
51260505678551000122550010000734191534820580.xml;05678551000122;NACIONAL GAS;RAQ3J90;100;tag oficial veicTransp/reboque;;0;
51260506341664000109550050003199461152242432.xml;06341664000109;POSTO ALDO SORRISO LTDA;RAU3I63;98;"ICMS monofasico sobre combustiveis cobrado anteriormente conforme Convenio ICMS 199/2022; Numero do Orcamento: 854830 - Frentista: ALDITO ROBERTO DOS SANTOS - Motorista: MOTORISTA PADRAO - PLACA RAU3I63 KM 466226 - Completou: Nao - Caixa: CCI - Carteira: 8 - Cond. Pgto: ESP - PRECO ESPECIAL - BO:07 ";466226;103;"ICMS monofasico sobre combustiveis cobrado anteriormente conforme Convenio ICMS 199/2022; Numero do Orcamento: 854830 - Frentista: ALDITO ROBERTO DOS SANTOS - Motorista: MOTORISTA PADRAO - PLACA RAU3I63 KM 466226 - Completou: Nao - Caixa: CCI - Carteira: 8 - Cond. Pgto: ESP - PRECO ESPECIAL - BO:07 BI:26 EI:10346501 EF:10346741  OPERACAO COM ALIQUOTA  0 (ZERO %) DE PIS E COFINS CONFORME C 10.638 D"
51260508512459000186550110000225071161086877.xml;08512459000186;AUTO POSTO PASQUALOTTO MATRIZ;RAQ5F96;98;Trib aprox R$ 0,00 Fed | R$ 120,71 Est | R$ 0,00 Mun | Fonte IBPT(26.1.H) | Caixa: 1663 | Funcionario: 57 - KEVILIN TEIXEIRA | Frentistas: 57 | Placa: RAQ5F96 | Forma de Pagamento: | PIX BRADESCO: R$ 632,00 | ICLUSO NO SERASA-19/12/2025 | | PROCON/MT AV. GEN. RAMIRO DE NORONHA, N 294 - 1 ANDAR - JAR;;0;
51260509508324000100550010001144021845620640.xml;09508324000100;POSTO GUARA;RAU3I63;98;Motorista:DIVINO |Observacao:CLIENTE.:34391-D. BARBIERO & CIA LTDA CPF/CNPJ:15.209.274/0001-62 IE:13464001-2 ENDERECO:R AV. VITORIA DO NORTE , 140140 CIDADE..:IPIRANGA DO NORTE-MT CEP:78.578-000|PLACA: RAU3I63 |KM: 468654 MED:439,96 |OPERADOR: ELOISA DJENIFER ALVES FERREIRA| ICMS monofasico sobre co;468654;110;odometro: 468654
51260511512642000196550010004548641707573764.xml;11512642000196;POSTO AGUIA BRANCA;RAT8F79;98;#CF:B23 EI9353015,940 EF9353266,960 V251,010 Trib aprox R$: 8,52 Federal e 325,53 Estadual Fonte: IBPT 5oi7eW PLACA: RAT-8F79 ODOM: 467506 MOT: , REQ: MEDIA: 1.862,50 Km/Litro Atendente: 61977-TAILON ALEXSANDRO JESUS LIMA DOS SANTOS [F] PROCON/MT - AV. GENERAL RAMIRO DE NORONHA, N 294-B JARDIM CUIAB;467506;110;#CF:B23 EI9353015,940 EF9353266,960 V251,010 Trib aprox R$: 8,52 Federal e 325,53 Estadual Fonte: IBPT 5oi7eW PLACA: RAT-8F79 ODOM: 467506 MOT: , REQ: MEDIA: 1.862,50 Km/Litro Atendente: 61977-TAILON ALEXSANDRO JESUS LIMA DOS SANTOS [F] PROCON/MT - AV. GENERAL RAMIRO DE NORONHA, N 294-B JARDIM CUIABA - CUIABA/MT., TELEFONE (65) 3613-2100 Placa: RAT8F79 Odometro: 467506Marca= Adaptive Modelo= NFCE 
51260511512642000196550010004559461799449692.xml;11512642000196;ESTACAO AGUIA 163;RAS2G89;98;#CF:B11 EI4796426,720 EF4796501,720 V75,000 Trib aprox R$: 2,60 Federal e 99,42 Estadual Fonte: IBPT 5oi7eW PLACA: RAS-2G89 ODOM: 1 MOT: . REQ: MEDIA: 0,01 Km/Litro Atendente: 89951-DARIO LOPES [F] PROCON/MT - AV. GENERAL RAMIRO DE NORONHA, N 294-B JARDIM CUIABA - CUIABA/MT., TELEFONE (65) 3613-2100;;0;
51260511512642000196550010004559521620045633.xml;11512642000196;ESTACAO AGUIA 163;RAX6E36;98;#CF:B16 EI9635306,610 EF9635574,600 V267,983 Trib aprox R$: 9,30 Federal e 355,22 Estadual Fonte: IBPT 5oi7eW PLACA: RAX-6E36 ODOM: 402006 MOT: DACIR REQ: MEDIA: 588,02 Km/Litro Atendente: 87007-MATHEUS DA SILVA NEVES [F] PROCON/MT - AV. GENERAL RAMIRO DE NORONHA, N 294-B JARDIM CUIABA - CUIABA/MT.,;402006;110;#CF:B16 EI9635306,610 EF9635574,600 V267,983 Trib aprox R$: 9,30 Federal e 355,22 Estadual Fonte: IBPT 5oi7eW PLACA: RAX-6E36 ODOM: 402006 MOT: DACIR REQ: MEDIA: 588,02 Km/Litro Atendente: 87007-MATHEUS DA SILVA NEVES [F] PROCON/MT - AV. GENERAL RAMIRO DE NORONHA, N 294-B JARDIM CUIABA - CUIABA/MT., TELEFONE (65) 3613-2100 Placa: RAX6E36 Odometro: 402006Marca= Adaptive Modelo= NFCE N= 06A9913DCB17
51260532988008000102550010001266301269357160.xml;32988008000102;301 - POSTO 10 CELEIRO;RAQ5F96;98;Motorista:CLOVIS|Observacao:PLACA: RAQ5F96 |KM: 415430 MED:1879,26 |OPERADOR: DENISE ALVES DE ALCANTARA SANTOS| ICMS monofasico sobre combustiveis cobrado anteriormente conforme Convenio ICMS 199/2022 e/ou 126/2024 e/ou 15/2023.|Valor Aprox. Tributos: R$ 0,00 Federal, R$ 303,16 Estadual, Fonte IBPT.;415430;110;odometro: 415430
51260532988008000102550010001266811848331588.xml;32988008000102;301 - POSTO 10 CELEIRO;RAQ2F96;98;Observacao:PLACA: RAQ2F96 |KM: 415776 MED:7671,00 |OPERADOR: JOSE CICERO | ICMS monofasico sobre combustiveis cobrado anteriormente conforme Convenio ICMS 199/2022 e/ou 126/2024 e/ou 15/2023.|Valor Aprox. Tributos: R$ 6,73 Federal, R$ 77,36 Estadual, Fonte IBPT. |Forma de Pagamento: Dinheiro;415776;110;odometro: 415776
51260536381687000108550010000474441004175617.xml;36381687000108;AUTO POSTO FIGUEIRA;RAQ5F96;70;RESUMO PAGAMENTO: 770,00|  - DEPOSITO: R$ 770,00|ICMS monofasico sobre combustiveis cobrado anteriormente conforme Convenio(s) ICMS 199/2022 Vlr R$ 117,00-Sequencia:417561 -Terminal:CAIXA_01 -Op:AMANDA C:1954 E:1954 -Placa:RAQ5F96 -km:418148|Trib aprox R$69,21 Fed, R$146,88 Est, R$0,00 Mun/Fonte IBP;418148;105;RESUMO PAGAMENTO: 770,00|  - DEPOSITO: R$ 770,00|ICMS monofasico sobre combustiveis cobrado anteriormente conforme Convenio(s) ICMS 199/2022 Vlr R$ 117,00-Sequencia:417561 -Terminal:CAIXA_01 -Op:AMANDA C:1954 E:1954 -Placa:RAQ5F96 -km:418148|Trib aprox R$69,21 Fed, R$146,88 Est, R$0,00 Mun/Fonte IBPT|RESUMO TROCO:| - DINHEIRO: R$       1,00|MP 1340/2026: Subvencao de R$0,32/L ate 31/12/26 sem alte
51260537457686000154550010007501101670989879.xml;37457686000154;POSTO SORRISAO;;0;;;0;
51260537662141000180550010001337611017398836.xml;37662141000180;POSTO VIENA;RAT8F79;98;"ICMS monof&aacute;sico sobre combust&iacute;veis cobrado anteriormente conforme Convenio ICMS 126/2024 e/ou 127/2024 | PLACA: RAT8F79' KM: 470838 | nBico: 25 nBomba: 5 nTanque: 912 vEncIni: 779190.048 vEncFin: 779291.410 | ICMS monof&aacute;sico sobre combust&iacute;veis cobrado anteriormente confor";470838;105;"ICMS monof&aacute;sico sobre combust&iacute;veis cobrado anteriormente conforme Convenio ICMS 126/2024 e/ou 127/2024 | PLACA: RAT8F79' KM: 470838 | nBico: 25 nBomba: 5 nTanque: 912 vEncIni: 779190.048 vEncFin: 779291.410 | ICMS monof&aacute;sico sobre combust&iacute;veis cobrado anteriormente conforme Conv&ecirc;nio ICMS 199/2022. | Tributos aproximados: R$ 0.00 (0.00%) Federal, R$ 108.87 (16.20%)"
51260537662141000180550010001346471017486069.xml;37662141000180;POSTO VIENA;RAT8F79;98;"ICMS monof&aacute;sico sobre combust&iacute;veis cobrado anteriormente conforme Convenio ICMS 126/2024 e/ou 127/2024 | PLACA: RAT8F79 KM: 472755 | nBico: 24 nBomba: 5 nTanque: 912 vEncIni: 1066910.050 vEncFin: 1067117.179 | ICMS monof&aacute;sico sobre combust&iacute;veis cobrado anteriormente confo";472755;105;"ICMS monof&aacute;sico sobre combust&iacute;veis cobrado anteriormente conforme Convenio ICMS 126/2024 e/ou 127/2024 | PLACA: RAT8F79 KM: 472755 | nBico: 24 nBomba: 5 nTanque: 912 vEncIni: 1066910.050 vEncFin: 1067117.179 | ICMS monof&aacute;sico sobre combust&iacute;veis cobrado anteriormente conforme Conv&ecirc;nio ICMS 199/2022. | Tributos aproximados: R$ 0.00 (0.00%) Federal, R$ 222.47 (16.20%"
51260539329847000150550010000499741272837219.xml;39329847000150;POSTO POEMA LTDA;RAX6E36;98;";PLACARAX6E36 KM 402526 CLIENTERADASA AGRONEGOCIOS;Procon/MT Travessa Paes de Oliveira, S/N - Centro;Cuiaba-MT 78.005-260 Fone 151 ou (65)3613 2100;ICMS monofasico sobre combustiveis cobrado anteriormente conforme Convenio ICMS 199/2022 e/ou 15/2023: BC 147,28 Vlr.ICMS Mono.: R$ 164,95;";402526;103;";PLACARAX6E36 KM 402526 CLIENTERADASA AGRONEGOCIOS;Procon/MT Travessa Paes de Oliveira, S/N - Centro;Cuiaba-MT 78.005-260 Fone 151 ou (65)3613 2100;ICMS monofasico sobre combustiveis cobrado anteriormente conforme Convenio ICMS 199/2022 e/ou 15/2023: BC 147,28 Vlr.ICMS Mono.: R$ 164,95;"
51260541090635000104550010001428501909475427.xml;41090635000104;POSTO SABIA;RAU3I63;98;"#CF:B04 EI2052641,640 EF2052865,980 V224,340 Trib aprox R$: 0,00 Federal e 244,95 Estadual Fonte: IBPT 5oi7eW PLACA: RAU-3I63 ODOM: 469505 Atendente: 61816-JOAQUIM LOPES DA SILVA Placa: RAU3I63 Odometro: 469505 | N:0,, Placa: RAU3I63, Odometro: 469.505,000, Media do Veiculo: 0.000;OBS: - PLACA: RAU3";469505;110;"#CF:B04 EI2052641,640 EF2052865,980 V224,340 Trib aprox R$: 0,00 Federal e 244,95 Estadual Fonte: IBPT 5oi7eW PLACA: RAU-3I63 ODOM: 469505 Atendente: 61816-JOAQUIM LOPES DA SILVA Placa: RAU3I63 Odometro: 469505 | N:0,, Placa: RAU3I63, Odometro: 469.505,000, Media do Veiculo: 0.000;OBS: - PLACA: RAU3I63; ODOM: 469505KM: 469505 -"
51260552501367000192550050000427971274625689.xml;52501367000192;COMERCIO DE COMBUSTIVEIS MAE CAROLINA LTDA;RAQ5F96;98;"TRIB. APROX.: R$: 98,65 (FED), R$ 177,54 (EST), R$ 0,00 (MUN) - Fonte: IBPT/empre - 5F6AA1;;Formas de PGTO;PIX: 1031,96;PLACA: RAQ5F96 - KM: 413338 - VEICULO: - ;;Dados para pagamento: BANCO: Sicredi - AG: 0810 - C/C: 52.100-1 - CHAVE PIX CNPJ: 52.501.367/0001-92;Procon/MT - Travessa Paes de Oliveir";413338;105;"TRIB. APROX.: R$: 98,65 (FED), R$ 177,54 (EST), R$ 0,00 (MUN) - Fonte: IBPT/empre - 5F6AA1;;Formas de PGTO;PIX: 1031,96;PLACA: RAQ5F96 - KM: 413338 - VEICULO: - ;;Dados para pagamento: BANCO: Sicredi - AG: 0810 - C/C: 52.100-1 - CHAVE PIX CNPJ: 52.501.367/0001-92;Procon/MT - Travessa Paes de Oliveira, s/n, Centro de Cuiaba/MT CEP:78.005-260 - Fone 65 3613 2100;ICMS monofasico sobre combustiveis co"
51260552501367000192550050000430001244914974.xml;52501367000192;COMERCIO DE COMBUSTIVEIS MAE CAROLINA LTDA;RAX6E36;98;"TRIB. APROX.: R$: 283,29 (FED), R$ 570,48 (EST), R$ 0,00 (MUN) - Fonte: IBPT/empre - 5F6AA1;;Formas de PGTO;PIX: 3085,75;PLACA: RAX6E36 - KM: 399970 - VEICULO: - ;;Dados para pagamento: BANCO: Sicredi - AG: 0810 - C/C: 52.100-1 - CHAVE PIX CNPJ: 52.501.367/0001-92;Procon/MT - Travessa Paes de Olivei";399970;105;"TRIB. APROX.: R$: 283,29 (FED), R$ 570,48 (EST), R$ 0,00 (MUN) - Fonte: IBPT/empre - 5F6AA1;;Formas de PGTO;PIX: 3085,75;PLACA: RAX6E36 - KM: 399970 - VEICULO: - ;;Dados para pagamento: BANCO: Sicredi - AG: 0810 - C/C: 52.100-1 - CHAVE PIX CNPJ: 52.501.367/0001-92;Procon/MT - Travessa Paes de Oliveira, s/n, Centro de Cuiaba/MT CEP:78.005-260 - Fone 65 3613 2100;ICMS monofasico sobre combustiveis c"
51260552501367000192550050000430051206454143.xml;52501367000192;COMERCIO DE COMBUSTIVEIS MAE CAROLINA LTDA;RAT8F79;98;"TRIB. APROX.: R$: 32,85 (FED), R$ 69,72 (EST), R$ 0,00 (MUN) - Fonte: IBPT/empre - 5F6AA1;;Formas de PGTO;PIX: 365,00;PLACA: RAT8F79 - KM: 467258 - VEICULO: - ;;Dados para pagamento: BANCO: Sicredi - AG: 0810 - C/C: 52.100-1 - CHAVE PIX CNPJ: 52.501.367/0001-92;Procon/MT - Travessa Paes de Oliveira,";467258;105;"TRIB. APROX.: R$: 32,85 (FED), R$ 69,72 (EST), R$ 0,00 (MUN) - Fonte: IBPT/empre - 5F6AA1;;Formas de PGTO;PIX: 365,00;PLACA: RAT8F79 - KM: 467258 - VEICULO: - ;;Dados para pagamento: BANCO: Sicredi - AG: 0810 - C/C: 52.100-1 - CHAVE PIX CNPJ: 52.501.367/0001-92;Procon/MT - Travessa Paes de Oliveira, s/n, Centro de Cuiaba/MT CEP:78.005-260 - Fone 65 3613 2100;ICMS monofasico sobre combustiveis cobr"
51260552501367000192550050000431221885283611.xml;52501367000192;COMERCIO DE COMBUSTIVEIS MAE CAROLINA LTDA;RAQ5F96;98;"TRIB. APROX.: R$: 65,70 (FED), R$ 139,43 (EST), R$ 0,00 (MUN) - Fonte: IBPT/empre - 5F6AA1;;Formas de PGTO;PIX: 730,00;PLACA: RAQ5F96 - KM: 415026 - VEICULO: - ;;Dados para pagamento: BANCO: Sicredi - AG: 0810 - C/C: 52.100-1 - CHAVE PIX CNPJ: 52.501.367/0001-92;Procon/MT - Travessa Paes de Oliveira";415026;105;"TRIB. APROX.: R$: 65,70 (FED), R$ 139,43 (EST), R$ 0,00 (MUN) - Fonte: IBPT/empre - 5F6AA1;;Formas de PGTO;PIX: 730,00;PLACA: RAQ5F96 - KM: 415026 - VEICULO: - ;;Dados para pagamento: BANCO: Sicredi - AG: 0810 - C/C: 52.100-1 - CHAVE PIX CNPJ: 52.501.367/0001-92;Procon/MT - Travessa Paes de Oliveira, s/n, Centro de Cuiaba/MT CEP:78.005-260 - Fone 65 3613 2100;ICMS monofasico sobre combustiveis cob"
51260552501367000192550050000431311308619783.xml;52501367000192;COMERCIO DE COMBUSTIVEIS MAE CAROLINA LTDA;RAX6E36;98;"TRIB. APROX.: R$: 217,20 (FED), R$ 437,41 (EST), R$ 0,00 (MUN) - Fonte: IBPT/empre - 5F6AA1;;Formas de PGTO;PIX: 2365,91;PLACA: RAX6E36 - KM: 400940 - VEICULO: - ;;Dados para pagamento: BANCO: Sicredi - AG: 0810 - C/C: 52.100-1 - CHAVE PIX CNPJ: 52.501.367/0001-92;Procon/MT - Travessa Paes de Olivei";400940;105;"TRIB. APROX.: R$: 217,20 (FED), R$ 437,41 (EST), R$ 0,00 (MUN) - Fonte: IBPT/empre - 5F6AA1;;Formas de PGTO;PIX: 2365,91;PLACA: RAX6E36 - KM: 400940 - VEICULO: - ;;Dados para pagamento: BANCO: Sicredi - AG: 0810 - C/C: 52.100-1 - CHAVE PIX CNPJ: 52.501.367/0001-92;Procon/MT - Travessa Paes de Oliveira, s/n, Centro de Cuiaba/MT CEP:78.005-260 - Fone 65 3613 2100;ICMS monofasico sobre combustiveis c"
51260552501367000192550050000431671397539627.xml;52501367000192;COMERCIO DE COMBUSTIVEIS MAE CAROLINA LTDA;RAP8F14;98;"TRIB. APROX.: R$: 15,20 (FED), R$ 34,00 (EST), R$ 0,00 (MUN) - Fonte: IBPT/empre - 5F6AA1;;Formas de PGTO;Dinheiro: 200,00;PLACA: RAP8F14 - KM: 149206 - VEICULO: - ;;Dados para pagamento: BANCO: Sicredi - AG: 0810 - C/C: 52.100-1 - CHAVE PIX CNPJ: 52.501.367/0001-92;Procon/MT - Travessa Paes de Oliv";149206;105;"TRIB. APROX.: R$: 15,20 (FED), R$ 34,00 (EST), R$ 0,00 (MUN) - Fonte: IBPT/empre - 5F6AA1;;Formas de PGTO;Dinheiro: 200,00;PLACA: RAP8F14 - KM: 149206 - VEICULO: - ;;Dados para pagamento: BANCO: Sicredi - AG: 0810 - C/C: 52.100-1 - CHAVE PIX CNPJ: 52.501.367/0001-92;Procon/MT - Travessa Paes de Oliveira, s/n, Centro de Cuiaba/MT CEP:78.005-260 - Fone 65 3613 2100;"
51260552501367000192550050000431951587341741.xml;52501367000192;COMERCIO DE COMBUSTIVEIS MAE CAROLINA LTDA;RAT8F79;98;"TRIB. APROX.: R$: 32,85 (FED), R$ 69,72 (EST), R$ 0,00 (MUN) - Fonte: IBPT/empre - 5F6AA1;;Formas de PGTO;PIX: 365,00;PLACA: RAT8F79 - KM: 468291 - VEICULO: - ;;Dados para pagamento: BANCO: Sicredi - AG: 0810 - C/C: 52.100-1 - CHAVE PIX CNPJ: 52.501.367/0001-92;Procon/MT - Travessa Paes de Oliveira,";468291;105;"TRIB. APROX.: R$: 32,85 (FED), R$ 69,72 (EST), R$ 0,00 (MUN) - Fonte: IBPT/empre - 5F6AA1;;Formas de PGTO;PIX: 365,00;PLACA: RAT8F79 - KM: 468291 - VEICULO: - ;;Dados para pagamento: BANCO: Sicredi - AG: 0810 - C/C: 52.100-1 - CHAVE PIX CNPJ: 52.501.367/0001-92;Procon/MT - Travessa Paes de Oliveira, s/n, Centro de Cuiaba/MT CEP:78.005-260 - Fone 65 3613 2100;ICMS monofasico sobre combustiveis cobr"
51260552501367000192550050000434251187991333.xml;52501367000192;COMERCIO DE COMBUSTIVEIS MAE CAROLINA LTDA;RAQ5F96;98;"TRIB. APROX.: R$: 145,02 (FED), R$ 294,62 (EST), R$ 0,00 (MUN) - Fonte: IBPT/empre - 5F6AA1;;Formas de PGTO;PIX: 1584,88;PLACA: RAQ5F96 - KM: 416222 - VEICULO: - ;;Dados para pagamento: BANCO: Sicredi - AG: 0810 - C/C: 52.100-1 - CHAVE PIX CNPJ: 52.501.367/0001-92;Procon/MT - Travessa Paes de Olivei";416222;105;"TRIB. APROX.: R$: 145,02 (FED), R$ 294,62 (EST), R$ 0,00 (MUN) - Fonte: IBPT/empre - 5F6AA1;;Formas de PGTO;PIX: 1584,88;PLACA: RAQ5F96 - KM: 416222 - VEICULO: - ;;Dados para pagamento: BANCO: Sicredi - AG: 0810 - C/C: 52.100-1 - CHAVE PIX CNPJ: 52.501.367/0001-92;Procon/MT - Travessa Paes de Oliveira, s/n, Centro de Cuiaba/MT CEP:78.005-260 - Fone 65 3613 2100;ICMS monofasico sobre combustiveis c"
51260552501367000192550050000435431977888481.xml;52501367000192;COMERCIO DE COMBUSTIVEIS MAE CAROLINA LTDA;RAX6E36;98;"TRIB. APROX.: R$: 159,27 (FED), R$ 320,50 (EST), R$ 0,00 (MUN) - Fonte: IBPT/empre - 5F6AA1;;Formas de PGTO;PIX: 1734,41;PLACA: RAX6E36 - KM: 402997 - VEICULO: - ;;Dados para pagamento: BANCO: Sicredi - AG: 0810 - C/C: 52.100-1 - CHAVE PIX CNPJ: 52.501.367/0001-92;Procon/MT - Travessa Paes de Olivei";402997;105;"TRIB. APROX.: R$: 159,27 (FED), R$ 320,50 (EST), R$ 0,00 (MUN) - Fonte: IBPT/empre - 5F6AA1;;Formas de PGTO;PIX: 1734,41;PLACA: RAX6E36 - KM: 402997 - VEICULO: - ;;Dados para pagamento: BANCO: Sicredi - AG: 0810 - C/C: 52.100-1 - CHAVE PIX CNPJ: 52.501.367/0001-92;Procon/MT - Travessa Paes de Oliveira, s/n, Centro de Cuiaba/MT CEP:78.005-260 - Fone 65 3613 2100;ICMS monofasico sobre combustiveis c"
51260552501367000192550050000435561905659310.xml;52501367000192;COMERCIO DE COMBUSTIVEIS MAE CAROLINA LTDA;RAP8F14;98;"TRIB. APROX.: R$: 16,82 (FED), R$ 37,58 (EST), R$ 0,00 (MUN) - Fonte: IBPT/empre - 5F6AA1;;Formas de PGTO;C. Debito: 220,48 - VISA DEBITO;PLACA: RAP8F14 - KM: 149583 - VEICULO: - ;;Dados para pagamento: BANCO: Sicredi - AG: 0810 - C/C: 52.100-1 - CHAVE PIX CNPJ: 52.501.367/0001-92;Procon/MT - Traves";149583;105;"TRIB. APROX.: R$: 16,82 (FED), R$ 37,58 (EST), R$ 0,00 (MUN) - Fonte: IBPT/empre - 5F6AA1;;Formas de PGTO;C. Debito: 220,48 - VISA DEBITO;PLACA: RAP8F14 - KM: 149583 - VEICULO: - ;;Dados para pagamento: BANCO: Sicredi - AG: 0810 - C/C: 52.100-1 - CHAVE PIX CNPJ: 52.501.367/0001-92;Procon/MT - Travessa Paes de Oliveira, s/n, Centro de Cuiaba/MT CEP:78.005-260 - Fone 65 3613 2100;ICMS monofasico sob"
51260552501367000192550050000436181199797703.xml;52501367000192;COMERCIO DE COMBUSTIVEIS MAE CAROLINA LTDA;RAQ5F96;98;"TRIB. APROX.: R$: 151,88 (FED), R$ 293,31 (EST), R$ 0,00 (MUN) - Fonte: IBPT/empre - 5F6AA1;;Formas de PGTO;PIX: 1629,10;PLACA: RAQ5F96 - KM: 417690 - VEICULO: - ;;Dados para pagamento: BANCO: Sicredi - AG: 0810 - C/C: 52.100-1 - CHAVE PIX CNPJ: 52.501.367/0001-92;Procon/MT - Travessa Paes de Olivei";417690;105;"TRIB. APROX.: R$: 151,88 (FED), R$ 293,31 (EST), R$ 0,00 (MUN) - Fonte: IBPT/empre - 5F6AA1;;Formas de PGTO;PIX: 1629,10;PLACA: RAQ5F96 - KM: 417690 - VEICULO: - ;;Dados para pagamento: BANCO: Sicredi - AG: 0810 - C/C: 52.100-1 - CHAVE PIX CNPJ: 52.501.367/0001-92;Procon/MT - Travessa Paes de Oliveira, s/n, Centro de Cuiaba/MT CEP:78.005-260 - Fone 65 3613 2100;ICMS monofasico sobre combustiveis c"
51260552501367000192550050000437391902689234.xml;52501367000192;COMERCIO DE COMBUSTIVEIS MAE CAROLINA LTDA;RAX6E36;98;"TRIB. APROX.: R$: 213,06 (FED), R$ 448,63 (EST), R$ 0,00 (MUN) - Fonte: IBPT/empre - 5F6AA1;;Formas de PGTO;PIX: 2360,27;PLACA: RAX6E36 - KM: 403967 - VEICULO: - SALSICHA;;Dados para pagamento: BANCO: Sicredi - AG: 0810 - C/C: 52.100-1 - CHAVE PIX CNPJ: 52.501.367/0001-92;Procon/MT - Travessa Paes d";403967;105;"TRIB. APROX.: R$: 213,06 (FED), R$ 448,63 (EST), R$ 0,00 (MUN) - Fonte: IBPT/empre - 5F6AA1;;Formas de PGTO;PIX: 2360,27;PLACA: RAX6E36 - KM: 403967 - VEICULO: - SALSICHA;;Dados para pagamento: BANCO: Sicredi - AG: 0810 - C/C: 52.100-1 - CHAVE PIX CNPJ: 52.501.367/0001-92;Procon/MT - Travessa Paes de Oliveira, s/n, Centro de Cuiaba/MT CEP:78.005-260 - Fone 65 3613 2100;ICMS monofasico sobre combus"
51260552501367000192550050000438581724032820.xml;52501367000192;COMERCIO DE COMBUSTIVEIS MAE CAROLINA LTDA;RAQ5F96;98;"TRIB. APROX.: R$: 153,34 (FED), R$ 304,94 (EST), R$ 0,00 (MUN) - Fonte: IBPT/empre - 5F6AA1;;Formas de PGTO;PIX: 1662,47;PLACA: RAQ5F96 - KM: 418592 - VEICULO: - ;;Dados para pagamento: BANCO: Sicredi - AG: 0810 - C/C: 52.100-1 - CHAVE PIX CNPJ: 52.501.367/0001-92;Procon/MT - Travessa Paes de Olivei";418592;105;"TRIB. APROX.: R$: 153,34 (FED), R$ 304,94 (EST), R$ 0,00 (MUN) - Fonte: IBPT/empre - 5F6AA1;;Formas de PGTO;PIX: 1662,47;PLACA: RAQ5F96 - KM: 418592 - VEICULO: - ;;Dados para pagamento: BANCO: Sicredi - AG: 0810 - C/C: 52.100-1 - CHAVE PIX CNPJ: 52.501.367/0001-92;Procon/MT - Travessa Paes de Oliveira, s/n, Centro de Cuiaba/MT CEP:78.005-260 - Fone 65 3613 2100;ICMS monofasico sobre combustiveis c"
51260552501367000192550050000439611321561354.xml;52501367000192;COMERCIO DE COMBUSTIVEIS MAE CAROLINA LTDA;;0;;;0;
51260552501367000192550050000440931605219790.xml;52501367000192;COMERCIO DE COMBUSTIVEIS MAE CAROLINA LTDA;RAP8F14;98;"TRIB. APROX.: R$: 14,88 (FED), R$ 33,28 (EST), R$ 0,00 (MUN) - Fonte: IBPT/empre - 92589A;;Formas de PGTO;C. Debito: 195,79 - VISA DEBITO;PLACA: RAP8F14 - KM: 149974 - VEICULO: - ;;Dados para pagamento: BANCO: Sicredi - AG: 0810 - C/C: 52.100-1 - CHAVE PIX CNPJ: 52.501.367/0001-92;Procon/MT - Traves";149974;105;"TRIB. APROX.: R$: 14,88 (FED), R$ 33,28 (EST), R$ 0,00 (MUN) - Fonte: IBPT/empre - 92589A;;Formas de PGTO;C. Debito: 195,79 - VISA DEBITO;PLACA: RAP8F14 - KM: 149974 - VEICULO: - ;;Dados para pagamento: BANCO: Sicredi - AG: 0810 - C/C: 52.100-1 - CHAVE PIX CNPJ: 52.501.367/0001-92;Procon/MT - Travessa Paes de Oliveira, s/n, Centro de Cuiaba/MT CEP:78.005-260 - Fone 65 3613 2100;"
51260552501367000192550050000441241497556946.xml;52501367000192;COMERCIO DE COMBUSTIVEIS MAE CAROLINA LTDA;RAQ5F96;98;"TRIB. APROX.: R$: 75,04 (FED), R$ 140,56 (EST), R$ 0,00 (MUN) - Fonte: IBPT/empre - 92589A;;Formas de PGTO;PIX: 796,10;PLACA: RAQ5F96 - KM: 419872 - VEICULO: - ;;Dados para pagamento: BANCO: Sicredi - AG: 0810 - C/C: 52.100-1 - CHAVE PIX CNPJ: 52.501.367/0001-92;Procon/MT - Travessa Paes de Oliveira";419872;105;"TRIB. APROX.: R$: 75,04 (FED), R$ 140,56 (EST), R$ 0,00 (MUN) - Fonte: IBPT/empre - 92589A;;Formas de PGTO;PIX: 796,10;PLACA: RAQ5F96 - KM: 419872 - VEICULO: - ;;Dados para pagamento: BANCO: Sicredi - AG: 0810 - C/C: 52.100-1 - CHAVE PIX CNPJ: 52.501.367/0001-92;Procon/MT - Travessa Paes de Oliveira, s/n, Centro de Cuiaba/MT CEP:78.005-260 - Fone 65 3613 2100;ICMS monofasico sobre combustiveis cob"
51260552501367000192550050000441991863381149.xml;52501367000192;COMERCIO DE COMBUSTIVEIS MAE CAROLINA LTDA;RAX6E36;98;"TRIB. APROX.: R$: 77,76 (FED), R$ 165,02 (EST), R$ 0,00 (MUN) - Fonte: IBPT/empre - 92589A;;Formas de PGTO;PIX: 864,00;PLACA: RAX6E36 - KM: 405878 - VEICULO: - ;;Dados para pagamento: BANCO: Sicredi - AG: 0810 - C/C: 52.100-1 - CHAVE PIX CNPJ: 52.501.367/0001-92;Procon/MT - Travessa Paes de Oliveira";405878;105;"TRIB. APROX.: R$: 77,76 (FED), R$ 165,02 (EST), R$ 0,00 (MUN) - Fonte: IBPT/empre - 92589A;;Formas de PGTO;PIX: 864,00;PLACA: RAX6E36 - KM: 405878 - VEICULO: - ;;Dados para pagamento: BANCO: Sicredi - AG: 0810 - C/C: 52.100-1 - CHAVE PIX CNPJ: 52.501.367/0001-92;Procon/MT - Travessa Paes de Oliveira, s/n, Centro de Cuiaba/MT CEP:78.005-260 - Fone 65 3613 2100;ICMS monofasico sobre combustiveis cob"
51260561677503000190550020000010491014088374.xml;61677503000190;POSTO MACEDO ITAUBA;RAT8F79;70;RESUMO PAGAMENTO: 1134,44|  - POS DEBITO: R$ 1134,44|ICMS monofasico sobre combustiveis cobrado anteriormente conforme Convenio(s) ICMS 199/2022 Vlr R$ 198,70-Sequencia:1408837 -Terminal:CAIXA01 -Op:CAMILINHA C:71743 E:79675 -Placa:RAT8F79 -km:469486 -media:2.94 k/l|Trib aprox R$100,57 Fed, R$213,43;469486;105;RESUMO PAGAMENTO: 1134,44|  - POS DEBITO: R$ 1134,44|ICMS monofasico sobre combustiveis cobrado anteriormente conforme Convenio(s) ICMS 199/2022 Vlr R$ 198,70-Sequencia:1408837 -Terminal:CAIXA01 -Op:CAMILINHA C:71743 E:79675 -Placa:RAT8F79 -km:469486 -media:2.94 k/l|Trib aprox R$100,57 Fed, R$213,43 Est, R$0,00 Mun/Fonte IBPT|RESUMO TROCO:| - DINHEIRO: R$      16,98|MP 1340/2026: Subvencao de R$0,
51260561677503000190550020000014621014155911.xml;61677503000190;POSTO MACEDO ITAUBA;RAX6E36;98;RESUMO PAGAMENTO: 1250,20|  - TEF DEBITO: R$ 1250,20|ICMS monofasico sobre combustiveis cobrado anteriormente conforme Convenio(s) ICMS 199/2022 Vlr R$ 222,30-Sequencia:1415591 -Terminal:CAIXA01 -Op:ANGELINA C:71743 E:79675 -Placa:RAX6E36|Trib aprox R$112,52 Fed, R$238,79 Est, R$0,00 Mun/Fonte IBPT|;;0;
51260561677503000190550030000011461014056170.xml;61677503000190;POSTO MACEDO ITAUBA;RAT8F74;70;RESUMO PAGAMENTO: 1693,74|  - POS DEBITO: R$ 1693,74|ICMS monofasico sobre combustiveis cobrado anteriormente conforme Convenio(s) ICMS 199/2022 Vlr R$ 301,17-Sequencia:1405617 -Terminal:CAIXA02 -Op:KARLA C:71743 E:79675 -Placa:RAT8F74 -km:468512|Trib aprox R$152,44 Fed, R$323,50 Est, R$0,00 Mun/Fon;468512;105;RESUMO PAGAMENTO: 1693,74|  - POS DEBITO: R$ 1693,74|ICMS monofasico sobre combustiveis cobrado anteriormente conforme Convenio(s) ICMS 199/2022 Vlr R$ 301,17-Sequencia:1405617 -Terminal:CAIXA02 -Op:KARLA C:71743 E:79675 -Placa:RAT8F74 -km:468512|Trib aprox R$152,44 Fed, R$323,50 Est, R$0,00 Mun/Fonte IBPT|MP 1340/2026: Subvencao de R$0,32/L ate 31/12/26 sem alteracao no PIS/COFINS
51260561677503000190550030000016931014124190.xml;61677503000190;POSTO MACEDO ITAUBA;RAU3I63;70;RESUMO PAGAMENTO: 1563,14|  - POS DEBITO: R$ 1563,14|ICMS monofasico sobre combustiveis cobrado anteriormente conforme Convenio(s) ICMS 199/2022 Vlr R$ 273,78-Sequencia:1412419 -Terminal:CAIXA02 -Op:CARLA C:71743 E:79675 -Placa:RAU3I63 -km:467830 -media:24.61 k/l|Trib aprox R$140,68 Fed, R$298,56 Es;467830;105;RESUMO PAGAMENTO: 1563,14|  - POS DEBITO: R$ 1563,14|ICMS monofasico sobre combustiveis cobrado anteriormente conforme Convenio(s) ICMS 199/2022 Vlr R$ 273,78-Sequencia:1412419 -Terminal:CAIXA02 -Op:CARLA C:71743 E:79675 -Placa:RAU3I63 -km:467830 -media:24.61 k/l|Trib aprox R$140,68 Fed, R$298,56 Est, R$0,00 Mun/Fonte IBPT|MP 1340/2026: Subvencao de R$0,32/L ate 31/12/26 sem alteracao no PIS/COFIN
51260561677503000190550030000019541014171196.xml;61677503000190;POSTO MACEDO ITAUBA;RAQ5F96;70;RESUMO PAGAMENTO: 935,20|  - DINHEIRO: R$ 935,20|ICMS monofasico sobre combustiveis cobrado anteriormente conforme Convenio(s) ICMS 199/2022 Vlr R$ 163,80-Sequencia:1417119 -Terminal:CAIXA02 -Op:LUDMILA C:71743 E:79675 -Placa:RAQ5F96 -km:420103 -media:46.78 k/l|Trib aprox R$84,17 Fed, R$178,62 Est, ;420103;105;RESUMO PAGAMENTO: 935,20|  - DINHEIRO: R$ 935,20|ICMS monofasico sobre combustiveis cobrado anteriormente conforme Convenio(s) ICMS 199/2022 Vlr R$ 163,80-Sequencia:1417119 -Terminal:CAIXA02 -Op:LUDMILA C:71743 E:79675 -Placa:RAQ5F96 -km:420103 -media:46.78 k/l|Trib aprox R$84,17 Fed, R$178,62 Est, R$0,00 Mun/Fonte IBPT|MP 1340/2026: Subvencao de R$0,32/L ate 31/12/26 sem alteracao no PIS/COFINS
51260561677503000190550030000020371014183709.xml;61677503000190;POSTO MACEDO ITAUBA;RAX6E36;70;RESUMO PAGAMENTO: 2342,29|  - TEF DEBITO: R$ 2342,29|ICMS monofasico sobre combustiveis cobrado anteriormente conforme Convenio(s) ICMS 199/2022 Vlr R$ 410,25-Sequencia:1418370 -Terminal:CAIXA02 -Op:TREINAMENTO C:71743 E:79675 -Placa:RAX6E36 -km:406097|Trib aprox R$210,81 Fed, R$447,38 Est, R$0,00 M;406097;105;RESUMO PAGAMENTO: 2342,29|  - TEF DEBITO: R$ 2342,29|ICMS monofasico sobre combustiveis cobrado anteriormente conforme Convenio(s) ICMS 199/2022 Vlr R$ 410,25-Sequencia:1418370 -Terminal:CAIXA02 -Op:TREINAMENTO C:71743 E:79675 -Placa:RAX6E36 -km:406097|Trib aprox R$210,81 Fed, R$447,38 Est, R$0,00 Mun/Fonte IBPT|MP 1340/2026: Subvencao de R$0,32/L ate 31/12/26 sem alteracao no PIS/COFINS
51260561677503000190550040000007841014013060.xml;61677503000190;POSTO MACEDO ITAUBA;RAQ5F96;70;RESUMO PAGAMENTO: 1157,38|  - DINHEIRO: R$ 1157,38|ICMS monofasico sobre combustiveis cobrado anteriormente conforme Convenio(s) ICMS 199/2022 Vlr R$ 202,41-Sequencia:1401306 -Terminal:CAIXA03 -Op:LUDMILA C:71743 E:79675 -Placa:RAQ5F96 -km:413554 -media:27.03 k/l|Trib aprox R$104,16 Fed, R$221,06 Es;413554;105;RESUMO PAGAMENTO: 1157,38|  - DINHEIRO: R$ 1157,38|ICMS monofasico sobre combustiveis cobrado anteriormente conforme Convenio(s) ICMS 199/2022 Vlr R$ 202,41-Sequencia:1401306 -Terminal:CAIXA03 -Op:LUDMILA C:71743 E:79675 -Placa:RAQ5F96 -km:413554 -media:27.03 k/l|Trib aprox R$104,16 Fed, R$221,06 Est, R$0,00 Mun/Fonte IBPT|MP 1340/2026: Subvencao de R$0,32/L ate 31/12/26 sem alteracao no PIS/COFIN
51260561677503000190550050000007101014064082.xml;61677503000190;POSTO MACEDO ITAUBA;RAT8F79;70;RESUMO PAGAMENTO: 934,37|  - POS DEBITO: R$ 934,37|ICMS monofasico sobre combustiveis cobrado anteriormente conforme Convenio(s) ICMS 199/2022 Vlr R$ 163,66-Sequencia:1406408 -Terminal:CAIXA04 -Op:ALCILEA C:71743 E:79675 -Placa:RAT8F79 -km:468986 -media:17.38 k/l|Trib aprox R$84,09 Fed, R$178,46 Est;468986;105;RESUMO PAGAMENTO: 934,37|  - POS DEBITO: R$ 934,37|ICMS monofasico sobre combustiveis cobrado anteriormente conforme Convenio(s) ICMS 199/2022 Vlr R$ 163,66-Sequencia:1406408 -Terminal:CAIXA04 -Op:ALCILEA C:71743 E:79675 -Placa:RAT8F79 -km:468986 -media:17.38 k/l|Trib aprox R$84,09 Fed, R$178,46 Est, R$0,00 Mun/Fonte IBPT|MP 1340/2026: Subvencao de R$0,32/L ate 31/12/26 sem alteracao no PIS/COFINS
51260561677503000190550050000010431014139160.xml;61677503000190;POSTO MACEDO ITAUBA;RAT2F79;70;RESUMO PAGAMENTO: 1068,42|  - POS DEBITO: R$ 1068,42|ICMS monofasico sobre combustiveis cobrado anteriormente conforme Convenio(s) ICMS 199/2022 Vlr R$ 189,97-Sequencia:1413916 -Terminal:CAIXA04 -Op:FELIPE C:71743 E:79675 -Placa:RAT2F79 -km:471335|Trib aprox R$96,16 Fed, R$204,07 Est, R$0,00 Mun/Fon;471335;105;RESUMO PAGAMENTO: 1068,42|  - POS DEBITO: R$ 1068,42|ICMS monofasico sobre combustiveis cobrado anteriormente conforme Convenio(s) ICMS 199/2022 Vlr R$ 189,97-Sequencia:1413916 -Terminal:CAIXA04 -Op:FELIPE C:71743 E:79675 -Placa:RAT2F79 -km:471335|Trib aprox R$96,16 Fed, R$204,07 Est, R$0,00 Mun/Fonte IBPT|MP 1340/2026: Subvencao de R$0,32/L ate 31/12/26 sem alteracao no PIS/COFINS
51260561677503000190550060000004311014180104.xml;61677503000190;POSTO MACEDO ITAUBA;RAQ5F96;70;RESUMO PAGAMENTO: 1065,68|  - POS DEBITO: R$ 1065,68|ICMS monofasico sobre combustiveis cobrado anteriormente conforme Convenio(s) ICMS 199/2022 Vlr R$ 183,69-Sequencia:1418010 -Terminal:CAIXA05 -Op:TREINAMENTO C:71743 E:79675 -Placa:RAQ5F96 -km:420585 -media:2.87 k/l|Trib aprox R$97,37 Fed, R$198,6;420585;105;RESUMO PAGAMENTO: 1065,68|  - POS DEBITO: R$ 1065,68|ICMS monofasico sobre combustiveis cobrado anteriormente conforme Convenio(s) ICMS 199/2022 Vlr R$ 183,69-Sequencia:1418010 -Terminal:CAIXA05 -Op:TREINAMENTO C:71743 E:79675 -Placa:RAQ5F96 -km:420585 -media:2.87 k/l|Trib aprox R$97,37 Fed, R$198,61 Est, R$0,00 Mun/Fonte IBPT|MP 1340/2026: Subvencao de R$0,32/L ate 31/12/26 sem alteracao no PIS/C
51260573519225000122550010004839241197161465.xml;73519225000122;AUTO POSTO SORRISAO LTDA;RAU3I63;98;"TRIB. APROX.: R$: 124,03 (FED), R$ 263,22 (EST), R$ 0,00 (MUN) - Fonte: IBPT/empre - 1C2537;;Valor Base Subst.R$ 0,00 Valor ICMS Subst. R$ 0,00;PROCON-MT.RUA BALTAZAR NAVARROS, 567 B.BANDEIRANTES CUIABA MT CEP 78010-020 FONE 151.;3-REGIME NORMAL Placa: RAU3I63 KM: 465583 ;Forma de Pagto: Formas de P";465583;105;"TRIB. APROX.: R$: 124,03 (FED), R$ 263,22 (EST), R$ 0,00 (MUN) - Fonte: IBPT/empre - 1C2537;;Valor Base Subst.R$ 0,00 Valor ICMS Subst. R$ 0,00;PROCON-MT.RUA BALTAZAR NAVARROS, 567 B.BANDEIRANTES CUIABA MT CEP 78010-020 FONE 151.;3-REGIME NORMAL Placa: RAU3I63 KM: 465583 ;Forma de Pagto: Formas de PGTO;PIX: 1378,09Cod.Funci/Caixa:16/RANYELLA ;PERMITE O APROVEITAMENTO DO CREDITO DE ICMS NOS TERMOS "
51260601048594000173550010000512821004209232.xml;01048594000173;POSTO DE SERVICOS CASTANHEIRA;RAQ5F96;70;KM: 425471 Placa: RAQ5F96 Motorista: ADRIANO;425471;105;KM: 425471 Placa: RAQ5F96 Motorista: ADRIANO
51260601048594000173550010000513091004210406.xml;01048594000173;POSTO DE SERVICOS CASTANHEIRA;RAQ5F96;98;PLACA: RAQ5F96 KM: 425804 MOTORISTA: ADRIANOKM: 0 Placa: Motorista:;425804;105;PLACA: RAQ5F96 KM: 425804 MOTORISTA: ADRIANOKM: 0 Placa: Motorista:
51260605678551000122550010000735301441643170.xml;05678551000122;NACIONAL GAS;;0;;;0;
51260605678551000122550010000736781076749457.xml;05678551000122;NACIONAL GAS;RAQ3J90;100;tag oficial veicTransp/reboque;;0;
51260606341664000109550050003235921792213109.xml;06341664000109;POSTO ALDO SORRISO LTDA;RAU3I63;98;"ICMS monofasico sobre combustiveis cobrado anteriormente conforme Convenio ICMS 199/2022; Numero do Orcamento: 880427 - Motorista: MOTORISTA PADRAO - PLACA RAU3I63 KM 473475 - Caixa: CCI - Carteira: 8 - Cond. Pgto: ESP - PRECO ESPECIAL - BO:04 BI:31 EI:5783311 EF:5783527  OPERACAO COM ALIQUOTA  0 (Z";473475;103;"ICMS monofasico sobre combustiveis cobrado anteriormente conforme Convenio ICMS 199/2022; Numero do Orcamento: 880427 - Motorista: MOTORISTA PADRAO - PLACA RAU3I63 KM 473475 - Caixa: CCI - Carteira: 8 - Cond. Pgto: ESP - PRECO ESPECIAL - BO:04 BI:31 EI:5783311 EF:5783527  OPERACAO COM ALIQUOTA  0 (ZERO %) DE PIS E COFINS CONFORME C 10.638 DE 01/03/21"
51260606341664000109550050003247731195273462.xml;06341664000109;POSTO ALDO SORRISO LTDA;RAU3I63;98;"ICMS monofasico sobre combustiveis cobrado anteriormente conforme Convenio ICMS 199/2022; Numero do Orcamento: 888375 - Frentista: WILTON RODRIGUES ROCHA - Motorista: DIVINO RAMOS XAVIER - PLACA RAU3I63 KM 474784 - Completou: Nao - Caixa: CEB - Carteira: 8 - Cond. Pgto: ESP - PRECO ESPECIAL - BO:07 ";474784;103;"ICMS monofasico sobre combustiveis cobrado anteriormente conforme Convenio ICMS 199/2022; Numero do Orcamento: 888375 - Frentista: WILTON RODRIGUES ROCHA - Motorista: DIVINO RAMOS XAVIER - PLACA RAU3I63 KM 474784 - Completou: Nao - Caixa: CEB - Carteira: 8 - Cond. Pgto: ESP - PRECO ESPECIAL - BO:07 BI:26 EI:10442421 EF:10442663  OPERACAO COM ALIQUOTA  0 (ZERO %) DE PIS E COFINS CONFORME C 10.638 D"
51260606341664000109550050003261881115213688.xml;06341664000109;POSTO ALDO SORRISO LTDA;RAQ5F96;98;"ICMS monofasico sobre combustiveis cobrado anteriormente conforme Convenio ICMS 199/2022; Numero do Orcamento: 898139 - Frentista: ANA PAULA DE SOUZA - Motorista: MOTORISTA PADRAO - PLACA RAQ5F96 KM 428860 - Completou: Nao - Caixa: CES - Carteira: 8 - Cond. Pgto: ESP - PRECO ESPECIAL - BO:04 BI:31 E";428860;103;"ICMS monofasico sobre combustiveis cobrado anteriormente conforme Convenio ICMS 199/2022; Numero do Orcamento: 898139 - Frentista: ANA PAULA DE SOUZA - Motorista: MOTORISTA PADRAO - PLACA RAQ5F96 KM 428860 - Completou: Nao - Caixa: CES - Carteira: 8 - Cond. Pgto: ESP - PRECO ESPECIAL - BO:04 BI:31 EI:5928123 EF:5928337  OPERACAO COM ALIQUOTA  0 (ZERO %) DE PIS E COFINS CONFORME C 10.638 DE 01/03/2"
51260609508324000100550010001151901009344913.xml;09508324000100;POSTO GUARA;RAQ5F96;98;Motorista:ADRIANO |Observacao:CLIENTE.:34391-D. BARBIERO & CIA LTDA CPF/CNPJ:15.209.274/0001-62 IE:13464001-2 ENDERECO:R AV. VITORIA DO NORTE , 140140 CIDADE..:IPIRANGA DO NORTE-MT CEP:78.578-000|PLACA: RAQ5F96 |KM: 421970 MED:106,53 |OPERADOR: ELOISA DJENIFER ALVES FERREIRA| ICMS monofasico sobre c;421970;110;odometro: 421970
51260609508324000100550010001165621061001608.xml;09508324000100;POSTO GUARA;RAT8F79;98;Observacao:CLIENTE.:34391-D. BARBIERO & CIA LTDA CPF/CNPJ:15.209.274/0001-62 IE:13464001-2 ENDERECO:R AV. VITORIA DO NORTE , 140140 CIDADE..:IPIRANGA DO NORTE-MT CEP:78.578-000|PLACA: RAT8F79 |KM: 478770 MED:288,92 |OPERADOR: FLAVIA DA CONCEICAO ARAUJO| ICMS monofasico sobre combustiveis cobrado ant;478770;110;odometro: 478770
51260610737595000116550010005246791010118430.xml;10737595000116;POSTO TREVAO MATUPA;RAQ5F96;70;PROCON - TELEFONE: 151 OU (65) 3613-2100 - TRAVESSA PAES DE OLIVEIRA, S\/ N? - BAIRRO: CENTRO - CUIABA - MATO GROSSO - CEP: 78.005-260 Cliente: 13966005 Vendedor: 44486002 - USUARIO TREINAMENTO Pedidos: 2098969, AVISTA , PLACA: RAQ5F96/MT, HORIMETRO: , KM: 429326, MOTORISTA: adriano, Frentista(s): [;429326;105;PROCON - TELEFONE: 151 OU (65) 3613-2100 - TRAVESSA PAES DE OLIVEIRA, S\/ N? - BAIRRO: CENTRO - CUIABA - MATO GROSSO - CEP: 78.005-260 Cliente: 13966005 Vendedor: 44486002 - USUARIO TREINAMENTO Pedidos: 2098969, AVISTA , PLACA: RAQ5F96/MT, HORIMETRO: , KM: 429326, MOTORISTA: adriano, Frentista(s): [43225002-WILLIAM DA COSTA CASTRO] Valor Aprox. Trib: 70,77 Fed.135,28 Est. Fonte: IBPT 26.1.K
51260610737595000469550010003678661010343705.xml;10737595000469;POSTO TREVAO MATUPA III;RAT8F79;70;PROCON - TELEFONE: 151 OU (65) 3613-2100 - TRAVESSA PAES DE OLIVEIRA, S\/ N? - BAIRRO: CENTRO - CUIABA - MATO GROSSO - CEP: 78.005-260 Cliente: 13966005 Vendedor: 38077001 - LAURA CRISTINA DE ARAUJO (FUNC Pedidos: 1332993, PIX BANCARIO , PLACA: RAT8F79/MT, HORIMETRO: , KM: 475059, MOTORISTA: MIRO, F;475059;105;PROCON - TELEFONE: 151 OU (65) 3613-2100 - TRAVESSA PAES DE OLIVEIRA, S\/ N? - BAIRRO: CENTRO - CUIABA - MATO GROSSO - CEP: 78.005-260 Cliente: 13966005 Vendedor: 38077001 - LAURA CRISTINA DE ARAUJO (FUNC Pedidos: 1332993, PIX BANCARIO , PLACA: RAT8F79/MT, HORIMETRO: , KM: 475059, MOTORISTA: MIRO, Frentista(s): [38077001-LAURA CRISTINA DE ARAUJO (FUNCIONARIO)][33430001-LAZARO VIANA DE SOUZA (FUNCI
51260611512642000196550010004597721922413590.xml;11512642000196;ESTACAO AGUIA 163;RAU3I63;98;#CF:B17 EI14288240,81 EF14288417,82 V177,000 Trib aprox R$: 12,73 Federal e 238,05 Estadual Fonte: IBPT 5oi7eW PLACA: RAU-3I63 ODOM: 470151 MOT: DIVINO REQ: MEDIA: 0,01 Km/Litro Atendente: 73220-JOSE RONIBELCIO ARAUJO DA SILVA [F] PROCON/MT - AV. GENERAL RAMIRO DE NORONHA, N 294-B JARDIM CUIABA - CU;470151;110;#CF:B17 EI14288240,81 EF14288417,82 V177,000 Trib aprox R$: 12,73 Federal e 238,05 Estadual Fonte: IBPT 5oi7eW PLACA: RAU-3I63 ODOM: 470151 MOT: DIVINO REQ: MEDIA: 0,01 Km/Litro Atendente: 73220-JOSE RONIBELCIO ARAUJO DA SILVA [F] PROCON/MT - AV. GENERAL RAMIRO DE NORONHA, N 294-B JARDIM CUIABA - CUIABA/MT., TELEFONE (65) 3613-2100 Placa: RAU3I63 Odometro: 470151Marca= Adaptive Modelo= NFCE N= B0A
51260611512642000196550010004606021447021916.xml;11512642000196;ESTACAO AGUIA 163;RAQ5F96;98;#CF:B17 EI14314884,83 EF14315067,83 V183,000 #CF:B29 EI0571105,450 EF0571123,580 V18,130 Trib aprox R$: 15,94 Federal e 240,22 Estadual Fonte: IBPT 5oi7eW PLACA: RAQ-5F96 ODOM: 422281 MOT: ADRIANO REQ: MEDIA: 69,04 Km/Litro Atendente: 86535-JAMES ALBERT [F] PROCON/MT - AV. GENERAL RAMIRO DE NORONHA,;422281;110;#CF:B17 EI14314884,83 EF14315067,83 V183,000 #CF:B29 EI0571105,450 EF0571123,580 V18,130 Trib aprox R$: 15,94 Federal e 240,22 Estadual Fonte: IBPT 5oi7eW PLACA: RAQ-5F96 ODOM: 422281 MOT: ADRIANO REQ: MEDIA: 69,04 Km/Litro Atendente: 86535-JAMES ALBERT [F] PROCON/MT - AV. GENERAL RAMIRO DE NORONHA, N 294-B JARDIM CUIABA - CUIABA/MT., TELEFONE (65) 3613-2100 Placa: RAQ5F96 Odometro: 422281Marca= A
51260611512642000196550010004614731376181920.xml;11512642000196;ESTACAO AGUIA 163;RAX6E36;98;#CF:B15 EI18482347,55 EF18482756,58 V409,027 Trib aprox R$: 14,19 Federal e 542,18 Estadual Fonte: IBPT 5oi7eW PLACA: RAX-6E36 ODOM: 408756 MOT: darci REQ: MEDIA: 16,50 Km/Litro Atendente: 60674-BRUNO MAGALHAES DA COSTA [F] PROCON/MT - AV. GENERAL RAMIRO DE NORONHA, N 294-B JARDIM CUIABA - CUIABA/MT;408756;110;#CF:B15 EI18482347,55 EF18482756,58 V409,027 Trib aprox R$: 14,19 Federal e 542,18 Estadual Fonte: IBPT 5oi7eW PLACA: RAX-6E36 ODOM: 408756 MOT: darci REQ: MEDIA: 16,50 Km/Litro Atendente: 60674-BRUNO MAGALHAES DA COSTA [F] PROCON/MT - AV. GENERAL RAMIRO DE NORONHA, N 294-B JARDIM CUIABA - CUIABA/MT., TELEFONE (65) 3613-2100 Placa: RAX6E36 Odometro: 408756Marca= Adaptive Modelo= NFCE N= 93B2C74421
51260611512642000196550010004629671964642647.xml;11512642000196;ESTACAO AGUIA 163;RAU3I63;98;#CF:B17 EI14378272,07 EF14378412,08 V140,000 Trib aprox R$: 4,75 Federal e 181,56 Estadual Fonte: IBPT 5oi7eW PLACA: RAU-3I63 ODOM: 473959 MOT: DIVINO REQ: MEDIA: 27,20 Km/Litro Atendente: 87007-MATHEUS DA SILVA NEVES [F] PROCON/MT - AV. GENERAL RAMIRO DE NORONHA, N 294-B JARDIM CUIABA - CUIABA/MT.,;473959;110;#CF:B17 EI14378272,07 EF14378412,08 V140,000 Trib aprox R$: 4,75 Federal e 181,56 Estadual Fonte: IBPT 5oi7eW PLACA: RAU-3I63 ODOM: 473959 MOT: DIVINO REQ: MEDIA: 27,20 Km/Litro Atendente: 87007-MATHEUS DA SILVA NEVES [F] PROCON/MT - AV. GENERAL RAMIRO DE NORONHA, N 294-B JARDIM CUIABA - CUIABA/MT., TELEFONE (65) 3613-2100 Placa: RAU3I63 Odometro: 473959Marca= Adaptive Modelo= NFCE N= F8E88EC1E74A
51260611512642000196550010004632681686765715.xml;11512642000196;ESTACAO AGUIA 163;RAT8F79;98;#CF:B24 EI7899825,250 EF7900040,250 V215,000 Trib aprox R$: 7,30 Federal e 278,83 Estadual Fonte: IBPT 5oi7eW PLACA: RAT-8F79 ODOM: 476923 MOT: 1 REQ: MEDIA: 0,00 Km/Litro Atendente: 70177-CARLA SANTOS DE JESUS [F] PROCON/MT - AV. GENERAL RAMIRO DE NORONHA, N 294-B JARDIM CUIABA - CUIABA/MT., TELEFO;476923;110;#CF:B24 EI7899825,250 EF7900040,250 V215,000 Trib aprox R$: 7,30 Federal e 278,83 Estadual Fonte: IBPT 5oi7eW PLACA: RAT-8F79 ODOM: 476923 MOT: 1 REQ: MEDIA: 0,00 Km/Litro Atendente: 70177-CARLA SANTOS DE JESUS [F] PROCON/MT - AV. GENERAL RAMIRO DE NORONHA, N 294-B JARDIM CUIABA - CUIABA/MT., TELEFONE (65) 3613-2100 Placa: RAT8F79 Odometro: 476923Marca= Adaptive Modelo= NFCE N= B0A792A50D914135B01
51260611512642000196550010004634241942706731.xml;11512642000196;ESTACAO AGUIA 163;RAT8F79;98;#CF:B17 EI14390559,62 EF14390636,63 V77,000 Trib aprox R$: 2,61 Federal e 99,86 Estadual Fonte: IBPT 5oi7eW PLACA: RAT-8F79 ODOM: 477140 MOT: MIRO REQ: MEDIA: 6.196,62 Km/Litro Atendente: 73220-JOSE RONIBELCIO ARAUJO DA SILVA [F] PROCON/MT - AV. GENERAL RAMIRO DE NORONHA, N 294-B JARDIM CUIABA - CUI;477140;110;#CF:B17 EI14390559,62 EF14390636,63 V77,000 Trib aprox R$: 2,61 Federal e 99,86 Estadual Fonte: IBPT 5oi7eW PLACA: RAT-8F79 ODOM: 477140 MOT: MIRO REQ: MEDIA: 6.196,62 Km/Litro Atendente: 73220-JOSE RONIBELCIO ARAUJO DA SILVA [F] PROCON/MT - AV. GENERAL RAMIRO DE NORONHA, N 294-B JARDIM CUIABA - CUIABA/MT., TELEFONE (65) 3613-2100 Placa: RAT8F79 Odometro: 477140Marca= Adaptive Modelo= NFCE N= 93B2
51260611512642000196550010004645461351338258.xml;11512642000196;ESTACAO AGUIA 163;RAT8F79;98;#CF:B24 EI7931074,120 EF7931239,130 V165,010 Trib aprox R$: 5,60 Federal e 214,00 Estadual Fonte: IBPT 5oi7eW PLACA: RAT-8F79 ODOM: 478493 MOT: MIRO REQ: MEDIA: 8,20 Km/Litro Atendente: 73220-JOSE RONIBELCIO ARAUJO DA SILVA [F] PROCON/MT - AV. GENERAL RAMIRO DE NORONHA, N 294-B JARDIM CUIABA - CUIAB;478493;110;#CF:B24 EI7931074,120 EF7931239,130 V165,010 Trib aprox R$: 5,60 Federal e 214,00 Estadual Fonte: IBPT 5oi7eW PLACA: RAT-8F79 ODOM: 478493 MOT: MIRO REQ: MEDIA: 8,20 Km/Litro Atendente: 73220-JOSE RONIBELCIO ARAUJO DA SILVA [F] PROCON/MT - AV. GENERAL RAMIRO DE NORONHA, N 294-B JARDIM CUIABA - CUIABA/MT., TELEFONE (65) 3613-2100 Placa: RAT8F79 Odometro: 478493Marca= Adaptive Modelo= NFCE N= F8E88E
51260611512642000196550010004653351344030383.xml;11512642000196;ESTACAO AGUIA 163;RAX6E36;98;#CF:B23 EI9580885,840 EF9581218,460 V332,610 Trib aprox R$: 11,54 Federal e 440,89 Estadual Fonte: IBPT 5oi7eW PLACA: RAX-6E36 ODOM: 412784 MOT: NARCI REQ: MEDIA: 12,11 Km/Litro Atendente: 87007-MATHEUS DA SILVA NEVES [F] PROCON/MT - AV. GENERAL RAMIRO DE NORONHA, N 294-B JARDIM CUIABA - CUIABA/MT.,;412784;110;#CF:B23 EI9580885,840 EF9581218,460 V332,610 Trib aprox R$: 11,54 Federal e 440,89 Estadual Fonte: IBPT 5oi7eW PLACA: RAX-6E36 ODOM: 412784 MOT: NARCI REQ: MEDIA: 12,11 Km/Litro Atendente: 87007-MATHEUS DA SILVA NEVES [F] PROCON/MT - AV. GENERAL RAMIRO DE NORONHA, N 294-B JARDIM CUIABA - CUIABA/MT., TELEFONE (65) 3613-2100 Placa: RAX6E36 Odometro: 412784Marca= Adaptive Modelo= NFCE N= F8E88EC1E74A
51260624114163000163550010000032771671413646.xml;24114163000163;AUTO POSTO TIBIRISSA SIMIONE;RAQ5F96;98;"TRIB. APROX.: R$: 33,26 (FED), R$ 70,57 (EST), R$ 0,00 (MUN) - Fonte: IBPT/empre - 92589A;;Placa: RAQ5F96 Odometro: 421275Veiculo: Frentista: 12 ;PROCON-MT, Telefone: 151 , Endereco: Av. Hist. Rubens de Mendonca (Av.do CPA), 917 - Araes, Ed. Executive Center, ;CEP 78.008-000, Cuiaba - MT;Aliquota ze";421275;110;"TRIB. APROX.: R$: 33,26 (FED), R$ 70,57 (EST), R$ 0,00 (MUN) - Fonte: IBPT/empre - 92589A;;Placa: RAQ5F96 Odometro: 421275Veiculo: Frentista: 12 ;PROCON-MT, Telefone: 151 , Endereco: Av. Hist. Rubens de Mendonca (Av.do CPA), 917 - Araes, Ed. Executive Center, ;CEP 78.008-000, Cuiaba - MT;Aliquota zero de PIS/COFINS conforme Decreto n 12.875/2026.;ICMS monofasico sobre combustiveis cobrado anterior"
51260624969636000104550010003553201051221911.xml;24969636000104;AUTO PECAS UNIAO MATRIZ;;0;;;0;
51260631141819000283550010002512231003366363.xml;31141819000283;POSTO RODOBRAS - MUTUM;RAT8F72;98;PLACA: RAT8F72 KM: 477668 MOTORISTA: MIRO | Tributacao monofasica do ICMS conforme Convenio ICMS 199/2022, alterado pelo Convenio ICMS 113/2025. | Tributos aproximados: R$ 93.33 (9.26%) Federal, R$ 191.79 (19.03%) Estadual, R$ 0.00 (0.00%) Municipal |  - Fonte: IBPT - MT  92589A |  | FORMA DE PAGAME;477668;105;PLACA: RAT8F72 KM: 477668 MOTORISTA: MIRO | Tributacao monofasica do ICMS conforme Convenio ICMS 199/2022, alterado pelo Convenio ICMS 113/2025. | Tributos aproximados: R$ 93.33 (9.26%) Federal, R$ 191.79 (19.03%) Estadual, R$ 0.00 (0.00%) Municipal |  - Fonte: IBPT - MT  92589A |  | FORMA DE PAGAMENTO: |       RECEBIMENTO PIX - SICOOB: 1.000,87 | PROCON/MT - Sede do Ganha Tempo - Praca Ipiranga -
51260636381687000108550030000258441004255795.xml;36381687000108;AUTO POSTO FIGUEIRA;RAI8F79;70;RESUMO PAGAMENTO: 1072,14|  - DEPOSITO: R$ 1072,14|ICMS monofasico sobre combustiveis cobrado anteriormente conforme Convenio(s) ICMS 199/2022 Vlr R$ 172,07-Sequencia:425579 -Terminal:CAIXA_02 -Op:AMANDA C:1954 E:1954 -Placa:RAI8F79 -km:479194|Trib aprox R$96,49 Fed, R$204,78 Est, R$0,00 Mun/Fonte I;479194;105;RESUMO PAGAMENTO: 1072,14|  - DEPOSITO: R$ 1072,14|ICMS monofasico sobre combustiveis cobrado anteriormente conforme Convenio(s) ICMS 199/2022 Vlr R$ 172,07-Sequencia:425579 -Terminal:CAIXA_02 -Op:AMANDA C:1954 E:1954 -Placa:RAI8F79 -km:479194|Trib aprox R$96,49 Fed, R$204,78 Est, R$0,00 Mun/Fonte IBPT|MP 1340/2026: Subvencao de R$0,32/L ate 31/12/26 sem alteracao no PIS/COFINS
51260636381687000108550030000259431004263516.xml;36381687000108;AUTO POSTO FIGUEIRA;RAT8F79;70;RESUMO PAGAMENTO: 947,77|  - DEPOSITO: R$ 947,77|ICMS monofasico sobre combustiveis cobrado anteriormente conforme Convenio(s) ICMS 199/2022 Vlr R$ 152,11-Sequencia:426351 -Terminal:CAIXA_02 -Op:JAINE C:1954 E:1954 -Placa:RAT8F79 -km:480718 -media:6.75 k/l|Trib aprox R$85,30 Fed, R$181,02 Est, R$0,0;480718;105;RESUMO PAGAMENTO: 947,77|  - DEPOSITO: R$ 947,77|ICMS monofasico sobre combustiveis cobrado anteriormente conforme Convenio(s) ICMS 199/2022 Vlr R$ 152,11-Sequencia:426351 -Terminal:CAIXA_02 -Op:JAINE C:1954 E:1954 -Placa:RAT8F79 -km:480718 -media:6.75 k/l|Trib aprox R$85,30 Fed, R$181,02 Est, R$0,00 Mun/Fonte IBPT|MP 1340/2026: Subvencao de R$0,32/L ate 31/12/26 sem alteracao no PIS/COFINS
51260636381687000108550110000001661004203380.xml;36381687000108;AUTO POSTO FIGUEIRA;RAT8F79;70;RESUMO PAGAMENTO: 958,04|  - DEPOSITO: R$ 958,04|ICMS monofasico sobre combustiveis cobrado anteriormente conforme Convenio(s) ICMS 199/2022 Vlr R$ 149,65-Sequencia:420338 -Terminal:CAIXA_06 -Op:TAIS  URZEDO C:1954 E:1954 -Placa:RAT8F79 -km:473755 -media:96.36 k/l -MOTORISTAMIRO|Trib aprox R$86,22 F;473755;105;RESUMO PAGAMENTO: 958,04|  - DEPOSITO: R$ 958,04|ICMS monofasico sobre combustiveis cobrado anteriormente conforme Convenio(s) ICMS 199/2022 Vlr R$ 149,65-Sequencia:420338 -Terminal:CAIXA_06 -Op:TAIS  URZEDO C:1954 E:1954 -Placa:RAT8F79 -km:473755 -media:96.36 k/l -MOTORISTAMIRO|Trib aprox R$86,22 Fed, R$182,99 Est, R$0,00 Mun/Fonte IBPT|MP 1340/2026: Subvencao de R$0,32/L ate 31/12/26 sem alterac
51260636381687000108550110000002481004210510.xml;36381687000108;AUTO POSTO FIGUEIRA;IRN1678;98;RESUMO PAGAMENTO: 1348,20|  - DEPOSITO: R$ 1348,20|ICMS monofasico sobre combustiveis cobrado anteriormente conforme Convenio(s) ICMS 199/2022 Vlr R$ 210,60-Sequencia:421051 -Terminal:CAIXA_06 -Op:TAIS  URZEDO C:1954 E:1954 -Placa:IRN1678|Trib aprox R$121,34 Fed, R$257,51 Est, R$0,00 Mun/Fonte IBPT|;;0;
51260636381687000108550110000007081004259627.xml;36381687000108;AUTO POSTO FIGUEIRA;RAT8F79;70;RESUMO PAGAMENTO: 1632,16|  - DEPOSITO: R$ 1632,16|ICMS monofasico sobre combustiveis cobrado anteriormente conforme Convenio(s) ICMS 199/2022 Vlr R$ 261,95-Sequencia:425962 -Terminal:CAIXA_06 -Op:ALLAN C:1954 E:1954 -Placa:RAT8F79 -km:479841 -media:27.18 k/l|Trib aprox R$146,89 Fed, R$311,74 Est, R;479841;105;RESUMO PAGAMENTO: 1632,16|  - DEPOSITO: R$ 1632,16|ICMS monofasico sobre combustiveis cobrado anteriormente conforme Convenio(s) ICMS 199/2022 Vlr R$ 261,95-Sequencia:425962 -Terminal:CAIXA_06 -Op:ALLAN C:1954 E:1954 -Placa:RAT8F79 -km:479841 -media:27.18 k/l|Trib aprox R$146,89 Fed, R$311,74 Est, R$0,00 Mun/Fonte IBPT|MP 1340/2026: Subvencao de R$0,32/L ate 31/12/26 sem alteracao no PIS/COFINS
51260636381687000108550110000007721004267671.xml;36381687000108;AUTO POSTO FIGUEIRA;RAI8F79;70;RESUMO PAGAMENTO: 1247,76|  - DEPOSITO: R$ 1247,76|ICMS monofasico sobre combustiveis cobrado anteriormente conforme Convenio(s) ICMS 199/2022 Vlr R$ 200,26-Sequencia:426767 -Terminal:CAIXA_06 -Op:TAIS  URZEDO C:1954 E:1954 -Placa:RAI8F79 -km:4811174|Trib aprox R$112,30 Fed, R$238,32 Est, R$0,00 Mun;4811174;105;RESUMO PAGAMENTO: 1247,76|  - DEPOSITO: R$ 1247,76|ICMS monofasico sobre combustiveis cobrado anteriormente conforme Convenio(s) ICMS 199/2022 Vlr R$ 200,26-Sequencia:426767 -Terminal:CAIXA_06 -Op:TAIS  URZEDO C:1954 E:1954 -Placa:RAI8F79 -km:4811174|Trib aprox R$112,30 Fed, R$238,32 Est, R$0,00 Mun/Fonte IBPT|MP 1340/2026: Subvencao de R$0,32/L ate 31/12/26 sem alteracao no PIS/COFINS
51260637662141000180550010001356311017589923.xml;37662141000180;POSTO VIENA;RAX6E36;98;ICMS monofasico sobre combustiveis cobrado anteriormente conforme Convenio ICMS 126/2024 e/ou 127/2024 | PLACA: RAX6E36 KM: 407429 | nBico: 24 nBomba: 5 nTanque: 912 vEncIni: 1110322.439 vEncFin: 1110443.939 | Tributacao monofasica do ICMS conforme Convenio ICMS 199/2022, alterado pelo Convenio ICMS;407429;105;ICMS monofasico sobre combustiveis cobrado anteriormente conforme Convenio ICMS 126/2024 e/ou 127/2024 | PLACA: RAX6E36 KM: 407429 | nBico: 24 nBomba: 5 nTanque: 912 vEncIni: 1110322.439 vEncFin: 1110443.939 | Tributacao monofasica do ICMS conforme Convenio ICMS 199/2022, alterado pelo Convenio ICMS 113/2025. | Tributos aproximados: R$ 0.00 (0.00%) Federal, R$ 130.50 (16.20%) Estadual, R$ 0.00 (0.
51260637662141000180550010001380601017828599.xml;37662141000180;POSTO VIENA;RAQ5F96;98;"ICMS monof&aacute;sico sobre combust&iacute;veis cobrado anteriormente conforme Convenio ICMS 126/2024 e/ou 127/2024 | PLACA: RAQ5F96 KM: 426432 | nBico: 24 nBomba: 5 nTanque: 912 vEncIni: 1213720.268 vEncFin: 1213926.379 | ICMS monof&aacute;sico sobre combust&iacute;veis cobrado anteriormente confo";426432;105;"ICMS monof&aacute;sico sobre combust&iacute;veis cobrado anteriormente conforme Convenio ICMS 126/2024 e/ou 127/2024 | PLACA: RAQ5F96 KM: 426432 | nBico: 24 nBomba: 5 nTanque: 912 vEncIni: 1213720.268 vEncFin: 1213926.379 | ICMS monof&aacute;sico sobre combust&iacute;veis cobrado anteriormente conforme Conv&ecirc;nio ICMS 199/2022. | Tributos aproximados: R$ 6.16 (0.44%) Federal, R$ 223.20 (15.80%"
51260639446381000172550020000856021760491920.xml;39446381000172;AUTO POSTO GT;RAX6E36;70;"TRIB. APROX.: R$: 249,91 (FED), R$ 530,36 (EST), R$ 0,00 (MUN) - Fonte: IBPT/empre - 92589A;;RAX6E36;410890;Procon/MT Travessa Paes de Oliveira, S/N - ;Centro Cuiaba-MT 78.005-260 Fone 151 ou (65)3613 2100;ICMS monofasico sobre combustiveis cobrado anteriormente conforme Convenio ICMS 199/2022 e/ou ";410890;90;"TRIB. APROX.: R$: 249,91 (FED), R$ 530,36 (EST), R$ 0,00 (MUN) - Fonte: IBPT/empre - 92589A;;RAX6E36;410890;Procon/MT Travessa Paes de Oliveira, S/N - ;Centro Cuiaba-MT 78.005-260 Fone 151 ou (65)3613 2100;ICMS monofasico sobre combustiveis cobrado anteriormente conforme Convenio ICMS 199/2022 e/ou 15/2023: BC 372,26 Vlr.ICMS Mono.: R$ 416,93;"
51260641090635000104550010001460341171249389.xml;41090635000104;POSTO SABIA;RAU3I63;98;"#CF:B05 EI7697841,040 EF7698075,050 V234,010 Trib aprox R$: 0,00 Federal e 259,30 Estadual Fonte: IBPT 5oi7eW PLACA: RAU-3I63 ODOM: 476283 Atendente: 257093-FRANCINEI BRITO DOS SANTOS Placa: RAU3I63 Odometro: 476283 | N:0,, Placa: RAU3I63, Odometro: 476.283,000, Media do Veiculo: 0.000;OBS: - PLACA:";476283;110;"#CF:B05 EI7697841,040 EF7698075,050 V234,010 Trib aprox R$: 0,00 Federal e 259,30 Estadual Fonte: IBPT 5oi7eW PLACA: RAU-3I63 ODOM: 476283 Atendente: 257093-FRANCINEI BRITO DOS SANTOS Placa: RAU3I63 Odometro: 476283 | N:0,, Placa: RAU3I63, Odometro: 476.283,000, Media do Veiculo: 0.000;OBS: - PLACA: RAU3I63; ODOM: 476283KM: 476283 -"
51260650128357000209550050000323581003140319.xml;50128357000209;SAO CRISTOVAO;RAX6E36;98;"PLACA: RAX6E36 KM: 409715 | nBico: 08 nBomba: 4 nTanque: 5 vEncIni: 5383628.148 vEncFin: 5383909.719 | ICMS monof&aacute;sico sobre combust&iacute;veis cobrado anteriormente conforme Conv&ecirc;nio ICMS 199/2022. | Tributos aproximados: R$ 119.44 (5.90%) Federal, R$ 344.16 (17.00%) Estadual, R$ 0.00";409715;105;"PLACA: RAX6E36 KM: 409715 | nBico: 08 nBomba: 4 nTanque: 5 vEncIni: 5383628.148 vEncFin: 5383909.719 | ICMS monof&aacute;sico sobre combust&iacute;veis cobrado anteriormente conforme Conv&ecirc;nio ICMS 199/2022. | Tributos aproximados: R$ 119.44 (5.90%) Federal, R$ 344.16 (17.00%) Estadual, R$ 0.00 (0.00%) Municipal |  - Fonte: IBPT - MT  92589A |  | FORMA DE PAGAMENTO: |       DEPOSITO BANCO BRA"
51260652501367000192550050000443441521216019.xml;52501367000192;COMERCIO DE COMBUSTIVEIS MAE CAROLINA LTDA;RAP8F14;98;"TRIB. APROX.: R$: 12,16 (FED), R$ 27,20 (EST), R$ 0,00 (MUN) - Fonte: IBPT/empre - 92589A;;Formas de PGTO;C. Debito: 160,02 - VISA DEBITO;PLACA: RAP8F14 - KM: 150297 - VEICULO: - ;;Dados para pagamento: BANCO: Sicredi - AG: 0810 - C/C: 52.100-1 - CHAVE PIX CNPJ: 52.501.367/0001-92;Procon/MT - Traves";150297;105;"TRIB. APROX.: R$: 12,16 (FED), R$ 27,20 (EST), R$ 0,00 (MUN) - Fonte: IBPT/empre - 92589A;;Formas de PGTO;C. Debito: 160,02 - VISA DEBITO;PLACA: RAP8F14 - KM: 150297 - VEICULO: - ;;Dados para pagamento: BANCO: Sicredi - AG: 0810 - C/C: 52.100-1 - CHAVE PIX CNPJ: 52.501.367/0001-92;Procon/MT - Travessa Paes de Oliveira, s/n, Centro de Cuiaba/MT CEP:78.005-260 - Fone 65 3613 2100;"
51260652501367000192550050000443641876974398.xml;52501367000192;COMERCIO DE COMBUSTIVEIS MAE CAROLINA LTDA;RAT8F79;98;"TRIB. APROX.: R$: 123,12 (FED), R$ 261,29 (EST), R$ 0,00 (MUN) - Fonte: IBPT/empre - 92589A;;Formas de PGTO;PIX: 1368,00;PLACA: RAT8F79 - KM: 473340 - VEICULO: - ;;Dados para pagamento: BANCO: Sicredi - AG: 0810 - C/C: 52.100-1 - CHAVE PIX CNPJ: 52.501.367/0001-92;Procon/MT - Travessa Paes de Olivei";473340;105;"TRIB. APROX.: R$: 123,12 (FED), R$ 261,29 (EST), R$ 0,00 (MUN) - Fonte: IBPT/empre - 92589A;;Formas de PGTO;PIX: 1368,00;PLACA: RAT8F79 - KM: 473340 - VEICULO: - ;;Dados para pagamento: BANCO: Sicredi - AG: 0810 - C/C: 52.100-1 - CHAVE PIX CNPJ: 52.501.367/0001-92;Procon/MT - Travessa Paes de Oliveira, s/n, Centro de Cuiaba/MT CEP:78.005-260 - Fone 65 3613 2100;ICMS monofasico sobre combustiveis c"
51260652501367000192550050000444021706086699.xml;52501367000192;COMERCIO DE COMBUSTIVEIS MAE CAROLINA LTDA;RAU3I63;98;"TRIB. APROX.: R$: 78,84 (FED), R$ 167,32 (EST), R$ 0,00 (MUN) - Fonte: IBPT/empre - 92589A;;Formas de PGTO;PIX: 876,00;PLACA: RAU3I63 - KM: 470837 - VEICULO: - ;;Dados para pagamento: BANCO: Sicredi - AG: 0810 - C/C: 52.100-1 - CHAVE PIX CNPJ: 52.501.367/0001-92;Procon/MT - Travessa Paes de Oliveira";470837;105;"TRIB. APROX.: R$: 78,84 (FED), R$ 167,32 (EST), R$ 0,00 (MUN) - Fonte: IBPT/empre - 92589A;;Formas de PGTO;PIX: 876,00;PLACA: RAU3I63 - KM: 470837 - VEICULO: - ;;Dados para pagamento: BANCO: Sicredi - AG: 0810 - C/C: 52.100-1 - CHAVE PIX CNPJ: 52.501.367/0001-92;Procon/MT - Travessa Paes de Oliveira, s/n, Centro de Cuiaba/MT CEP:78.005-260 - Fone 65 3613 2100;ICMS monofasico sobre combustiveis cob"
51260652501367000192550050000444131668106377.xml;52501367000192;COMERCIO DE COMBUSTIVEIS MAE CAROLINA LTDA;RAQ5F96;98;"TRIB. APROX.: R$: 280,94 (FED), R$ 459,25 (EST), R$ 0,00 (MUN) - Fonte: IBPT/empre - 92589A;;Formas de PGTO;PIX: 2555,88;PLACA: RAQ5F96 - KM: 421409 - VEICULO: - ;;Dados para pagamento: BANCO: Sicredi - AG: 0810 - C/C: 52.100-1 - CHAVE PIX CNPJ: 52.501.367/0001-92;Procon/MT - Travessa Paes de Olivei";421409;105;"TRIB. APROX.: R$: 280,94 (FED), R$ 459,25 (EST), R$ 0,00 (MUN) - Fonte: IBPT/empre - 92589A;;Formas de PGTO;PIX: 2555,88;PLACA: RAQ5F96 - KM: 421409 - VEICULO: - ;;Dados para pagamento: BANCO: Sicredi - AG: 0810 - C/C: 52.100-1 - CHAVE PIX CNPJ: 52.501.367/0001-92;Procon/MT - Travessa Paes de Oliveira, s/n, Centro de Cuiaba/MT CEP:78.005-260 - Fone 65 3613 2100;ICMS monofasico sobre combustiveis c"
51260652501367000192550050000444161783252773.xml;52501367000192;COMERCIO DE COMBUSTIVEIS MAE CAROLINA LTDA;RAP8F14;98;"TRIB. APROX.: R$: 11,40 (FED), R$ 25,50 (EST), R$ 0,00 (MUN) - Fonte: IBPT/empre - 92589A;;Formas de PGTO;C. Debito: 149,98 - VISA DEBITO;PLACA: RAP8F14 - KM: 150627 - VEICULO: - ;;Dados para pagamento: BANCO: Sicredi - AG: 0810 - C/C: 52.100-1 - CHAVE PIX CNPJ: 52.501.367/0001-92;Procon/MT - Traves";150627;105;"TRIB. APROX.: R$: 11,40 (FED), R$ 25,50 (EST), R$ 0,00 (MUN) - Fonte: IBPT/empre - 92589A;;Formas de PGTO;C. Debito: 149,98 - VISA DEBITO;PLACA: RAP8F14 - KM: 150627 - VEICULO: - ;;Dados para pagamento: BANCO: Sicredi - AG: 0810 - C/C: 52.100-1 - CHAVE PIX CNPJ: 52.501.367/0001-92;Procon/MT - Travessa Paes de Oliveira, s/n, Centro de Cuiaba/MT CEP:78.005-260 - Fone 65 3613 2100;"
51260652501367000192550050000444891128040048.xml;52501367000192;COMERCIO DE COMBUSTIVEIS MAE CAROLINA LTDA;RAV3I63;98;"TRIB. APROX.: R$: 65,70 (FED), R$ 139,43 (EST), R$ 0,00 (MUN) - Fonte: IBPT/empre - 92589A;;Formas de PGTO;PIX: 730,00;PLACA: RAV3I63 - KM: 471345 - VEICULO: - ;;Dados para pagamento: BANCO: Sicredi - AG: 0810 - C/C: 52.100-1 - CHAVE PIX CNPJ: 52.501.367/0001-92;Procon/MT - Travessa Paes de Oliveira";471345;105;"TRIB. APROX.: R$: 65,70 (FED), R$ 139,43 (EST), R$ 0,00 (MUN) - Fonte: IBPT/empre - 92589A;;Formas de PGTO;PIX: 730,00;PLACA: RAV3I63 - KM: 471345 - VEICULO: - ;;Dados para pagamento: BANCO: Sicredi - AG: 0810 - C/C: 52.100-1 - CHAVE PIX CNPJ: 52.501.367/0001-92;Procon/MT - Travessa Paes de Oliveira, s/n, Centro de Cuiaba/MT CEP:78.005-260 - Fone 65 3613 2100;ICMS monofasico sobre combustiveis cob"
51260652501367000192550050000447051568839067.xml;52501367000192;COMERCIO DE COMBUSTIVEIS MAE CAROLINA LTDA;RAP8F14;98;"TRIB. APROX.: R$: 7,60 (FED), R$ 17,00 (EST), R$ 0,00 (MUN) - Fonte: IBPT/empre - 92589A;;Formas de PGTO;C. Debito: 100,00 - VISA DEBITO;PLACA: RAP8F14 - KM: 150880 - VEICULO: - ;;Dados para pagamento: BANCO: Sicredi - AG: 0810 - C/C: 52.100-1 - CHAVE PIX CNPJ: 52.501.367/0001-92;Procon/MT - Travess";150880;105;"TRIB. APROX.: R$: 7,60 (FED), R$ 17,00 (EST), R$ 0,00 (MUN) - Fonte: IBPT/empre - 92589A;;Formas de PGTO;C. Debito: 100,00 - VISA DEBITO;PLACA: RAP8F14 - KM: 150880 - VEICULO: - ;;Dados para pagamento: BANCO: Sicredi - AG: 0810 - C/C: 52.100-1 - CHAVE PIX CNPJ: 52.501.367/0001-92;Procon/MT - Travessa Paes de Oliveira, s/n, Centro de Cuiaba/MT CEP:78.005-260 - Fone 65 3613 2100;"
51260652501367000192550050000449161541687694.xml;52501367000192;COMERCIO DE COMBUSTIVEIS MAE CAROLINA LTDA;RAP8F14;98;"TRIB. APROX.: R$: 11,40 (FED), R$ 25,50 (EST), R$ 0,00 (MUN) - Fonte: IBPT/empre - 92589A;;Formas de PGTO;C. Debito: 150,00 - VISA DEBITO;PLACA: RAP8F14 - KM: 151231 - VEICULO: - ;;Dados para pagamento: BANCO: Sicredi - AG: 0810 - C/C: 52.100-1 - CHAVE PIX CNPJ: 52.501.367/0001-92;Procon/MT - Traves";151231;105;"TRIB. APROX.: R$: 11,40 (FED), R$ 25,50 (EST), R$ 0,00 (MUN) - Fonte: IBPT/empre - 92589A;;Formas de PGTO;C. Debito: 150,00 - VISA DEBITO;PLACA: RAP8F14 - KM: 151231 - VEICULO: - ;;Dados para pagamento: BANCO: Sicredi - AG: 0810 - C/C: 52.100-1 - CHAVE PIX CNPJ: 52.501.367/0001-92;Procon/MT - Travessa Paes de Oliveira, s/n, Centro de Cuiaba/MT CEP:78.005-260 - Fone 65 3613 2100;"
51260652501367000192550050000451501745092551.xml;52501367000192;COMERCIO DE COMBUSTIVEIS MAE CAROLINA LTDA;RAQ5F96;98;"TRIB. APROX.: R$: 63,06 (FED), R$ 122,91 (EST), R$ 0,00 (MUN) - Fonte: IBPT/empre - 92589A;;Formas de PGTO;PIX: 678,63;PLACA: RAQ5F96 - KM: 425024 - VEICULO: - ADRIANO;;Dados para pagamento: BANCO: Sicredi - AG: 0810 - C/C: 52.100-1 - CHAVE PIX CNPJ: 52.501.367/0001-92;Procon/MT - Travessa Paes de O";425024;105;"TRIB. APROX.: R$: 63,06 (FED), R$ 122,91 (EST), R$ 0,00 (MUN) - Fonte: IBPT/empre - 92589A;;Formas de PGTO;PIX: 678,63;PLACA: RAQ5F96 - KM: 425024 - VEICULO: - ADRIANO;;Dados para pagamento: BANCO: Sicredi - AG: 0810 - C/C: 52.100-1 - CHAVE PIX CNPJ: 52.501.367/0001-92;Procon/MT - Travessa Paes de Oliveira, s/n, Centro de Cuiaba/MT CEP:78.005-260 - Fone 65 3613 2100;ICMS monofasico sobre combustiv"
51260652501367000192550050000451531876251809.xml;52501367000192;COMERCIO DE COMBUSTIVEIS MAE CAROLINA LTDA;RATF79;75;"TRIB. APROX.: R$: 32,40 (FED), R$ 68,76 (EST), R$ 0,00 (MUN) - Fonte: IBPT/empre - 92589A;;Formas de PGTO;PIX: 360,00;PLACA: RATF79 - KM: 476676 - VEICULO: - ;;Dados para pagamento: BANCO: Sicredi - AG: 0810 - C/C: 52.100-1 - CHAVE PIX CNPJ: 52.501.367/0001-92;Procon/MT - Travessa Paes de Oliveira, ";476676;105;"TRIB. APROX.: R$: 32,40 (FED), R$ 68,76 (EST), R$ 0,00 (MUN) - Fonte: IBPT/empre - 92589A;;Formas de PGTO;PIX: 360,00;PLACA: RATF79 - KM: 476676 - VEICULO: - ;;Dados para pagamento: BANCO: Sicredi - AG: 0810 - C/C: 52.100-1 - CHAVE PIX CNPJ: 52.501.367/0001-92;Procon/MT - Travessa Paes de Oliveira, s/n, Centro de Cuiaba/MT CEP:78.005-260 - Fone 65 3613 2100;ICMS monofasico sobre combustiveis cobra"
51260652501367000192550050000453521500751256.xml;52501367000192;COMERCIO DE COMBUSTIVEIS MAE CAROLINA LTDA;RAP8F14;98;"TRIB. APROX.: R$: 15,04 (FED), R$ 33,65 (EST), R$ 0,00 (MUN) - Fonte: IBPT/empre - 92589A;;Formas de PGTO;C. Debito: 197,95 - VISA DEBITO;PLACA: RAP8F14 - KM: 151546 - VEICULO: - ;;Dados para pagamento: BANCO: Sicredi - AG: 0810 - C/C: 52.100-1 - CHAVE PIX CNPJ: 52.501.367/0001-92;Procon/MT - Traves";151546;105;"TRIB. APROX.: R$: 15,04 (FED), R$ 33,65 (EST), R$ 0,00 (MUN) - Fonte: IBPT/empre - 92589A;;Formas de PGTO;C. Debito: 197,95 - VISA DEBITO;PLACA: RAP8F14 - KM: 151546 - VEICULO: - ;;Dados para pagamento: BANCO: Sicredi - AG: 0810 - C/C: 52.100-1 - CHAVE PIX CNPJ: 52.501.367/0001-92;Procon/MT - Travessa Paes de Oliveira, s/n, Centro de Cuiaba/MT CEP:78.005-260 - Fone 65 3613 2100;"
51260652501367000192550050000454311396666990.xml;52501367000192;COMERCIO DE COMBUSTIVEIS MAE CAROLINA LTDA;RAP8F14;98;"TRIB. APROX.: R$: 2,28 (FED), R$ 5,10 (EST), R$ 0,00 (MUN) - Fonte: IBPT/empre - 92589A;;Formas de PGTO;C. Debito: 30,00 - VISA DEBITO;PLACA: RAP8F14 - KM: 151810 - VEICULO: - ;;Dados para pagamento: BANCO: Sicredi - AG: 0810 - C/C: 52.100-1 - CHAVE PIX CNPJ: 52.501.367/0001-92;Procon/MT - Travessa ";151810;105;"TRIB. APROX.: R$: 2,28 (FED), R$ 5,10 (EST), R$ 0,00 (MUN) - Fonte: IBPT/empre - 92589A;;Formas de PGTO;C. Debito: 30,00 - VISA DEBITO;PLACA: RAP8F14 - KM: 151810 - VEICULO: - ;;Dados para pagamento: BANCO: Sicredi - AG: 0810 - C/C: 52.100-1 - CHAVE PIX CNPJ: 52.501.367/0001-92;Procon/MT - Travessa Paes de Oliveira, s/n, Centro de Cuiaba/MT CEP:78.005-260 - Fone 65 3613 2100;"
51260652501367000192550050000455361116117985.xml;52501367000192;COMERCIO DE COMBUSTIVEIS MAE CAROLINA LTDA;RAP8F14;98;"TRIB. APROX.: R$: 11,40 (FED), R$ 25,50 (EST), R$ 0,00 (MUN) - Fonte: IBPT/empre - 92589A;;Formas de PGTO;C. Debito: 150,00 - VISA DEBITO;PLACA: RAP8F14 - KM: 152042 - VEICULO: - ;;Dados para pagamento: BANCO: Sicredi - AG: 0810 - C/C: 52.100-1 - CHAVE PIX CNPJ: 52.501.367/0001-92;Procon/MT - Traves";152042;105;"TRIB. APROX.: R$: 11,40 (FED), R$ 25,50 (EST), R$ 0,00 (MUN) - Fonte: IBPT/empre - 92589A;;Formas de PGTO;C. Debito: 150,00 - VISA DEBITO;PLACA: RAP8F14 - KM: 152042 - VEICULO: - ;;Dados para pagamento: BANCO: Sicredi - AG: 0810 - C/C: 52.100-1 - CHAVE PIX CNPJ: 52.501.367/0001-92;Procon/MT - Travessa Paes de Oliveira, s/n, Centro de Cuiaba/MT CEP:78.005-260 - Fone 65 3613 2100;"
51260652501367000192550050000455731760429940.xml;52501367000192;COMERCIO DE COMBUSTIVEIS MAE CAROLINA LTDA;RAQ5F96;98;"TRIB. APROX.: R$: 126,71 (FED), R$ 256,56 (EST), R$ 0,00 (MUN) - Fonte: IBPT/empre - 92589A;;Formas de PGTO;PIX: 1383,07;PLACA: RAQ5F96 - KM: 428026 - VEICULO: - ADRIANO;;Dados para pagamento: BANCO: Sicredi - AG: 0810 - C/C: 52.100-1 - CHAVE PIX CNPJ: 52.501.367/0001-92;Procon/MT - Travessa Paes de";428026;105;"TRIB. APROX.: R$: 126,71 (FED), R$ 256,56 (EST), R$ 0,00 (MUN) - Fonte: IBPT/empre - 92589A;;Formas de PGTO;PIX: 1383,07;PLACA: RAQ5F96 - KM: 428026 - VEICULO: - ADRIANO;;Dados para pagamento: BANCO: Sicredi - AG: 0810 - C/C: 52.100-1 - CHAVE PIX CNPJ: 52.501.367/0001-92;Procon/MT - Travessa Paes de Oliveira, s/n, Centro de Cuiaba/MT CEP:78.005-260 - Fone 65 3613 2100;ICMS monofasico sobre combust"
51260652501367000192550050000455831835699261.xml;52501367000192;COMERCIO DE COMBUSTIVEIS MAE CAROLINA LTDA;RAT8F79;98;"TRIB. APROX.: R$: 46,35 (FED), R$ 98,37 (EST), R$ 0,00 (MUN) - Fonte: IBPT/empre - 92589A;;Formas de PGTO;PIX: 515,02;PLACA: RAT8F79 - KM: 478778 - VEICULO: - ;;Dados para pagamento: BANCO: Sicredi - AG: 0810 - C/C: 52.100-1 - CHAVE PIX CNPJ: 52.501.367/0001-92;Procon/MT - Travessa Paes de Oliveira,";478778;105;"TRIB. APROX.: R$: 46,35 (FED), R$ 98,37 (EST), R$ 0,00 (MUN) - Fonte: IBPT/empre - 92589A;;Formas de PGTO;PIX: 515,02;PLACA: RAT8F79 - KM: 478778 - VEICULO: - ;;Dados para pagamento: BANCO: Sicredi - AG: 0810 - C/C: 52.100-1 - CHAVE PIX CNPJ: 52.501.367/0001-92;Procon/MT - Travessa Paes de Oliveira, s/n, Centro de Cuiaba/MT CEP:78.005-260 - Fone 65 3613 2100;ICMS monofasico sobre combustiveis cobr"
51260652501367000192550050000455851541908038.xml;52501367000192;COMERCIO DE COMBUSTIVEIS MAE CAROLINA LTDA;RAX6E36;98;"TRIB. APROX.: R$: 161,37 (FED), R$ 342,47 (EST), R$ 0,00 (MUN) - Fonte: IBPT/empre - 92589A;;Formas de PGTO;PIX: 1793,02;PLACA: RAX6E36 - KM: 411665 - VEICULO: - ;;Dados para pagamento: BANCO: Sicredi - AG: 0810 - C/C: 52.100-1 - CHAVE PIX CNPJ: 52.501.367/0001-92;Procon/MT - Travessa Paes de Olivei";411665;105;"TRIB. APROX.: R$: 161,37 (FED), R$ 342,47 (EST), R$ 0,00 (MUN) - Fonte: IBPT/empre - 92589A;;Formas de PGTO;PIX: 1793,02;PLACA: RAX6E36 - KM: 411665 - VEICULO: - ;;Dados para pagamento: BANCO: Sicredi - AG: 0810 - C/C: 52.100-1 - CHAVE PIX CNPJ: 52.501.367/0001-92;Procon/MT - Travessa Paes de Oliveira, s/n, Centro de Cuiaba/MT CEP:78.005-260 - Fone 65 3613 2100;ICMS monofasico sobre combustiveis c"
51260652501367000192550050000457671354820621.xml;52501367000192;COMERCIO DE COMBUSTIVEIS MAE CAROLINA LTDA;RAQ5F96;98;"TRIB. APROX.: R$: 76,23 (FED), R$ 144,34 (EST), R$ 0,00 (MUN) - Fonte: IBPT/empre - 92589A;;Formas de PGTO;PIX: 811,87;PLACA: RAQ5F96 - KM: 428672 - VEICULO: - ;;Dados para pagamento: BANCO: Sicredi - AG: 0810 - C/C: 52.100-1 - CHAVE PIX CNPJ: 52.501.367/0001-92;Procon/MT - Travessa Paes de Oliveira";428672;105;"TRIB. APROX.: R$: 76,23 (FED), R$ 144,34 (EST), R$ 0,00 (MUN) - Fonte: IBPT/empre - 92589A;;Formas de PGTO;PIX: 811,87;PLACA: RAQ5F96 - KM: 428672 - VEICULO: - ;;Dados para pagamento: BANCO: Sicredi - AG: 0810 - C/C: 52.100-1 - CHAVE PIX CNPJ: 52.501.367/0001-92;Procon/MT - Travessa Paes de Oliveira, s/n, Centro de Cuiaba/MT CEP:78.005-260 - Fone 65 3613 2100;ICMS monofasico sobre combustiveis cob"
51260652501367000192550050000457721301434719.xml;52501367000192;COMERCIO DE COMBUSTIVEIS MAE CAROLINA LTDA;RAT8F79;98;"TRIB. APROX.: R$: 99,90 (FED), R$ 212,01 (EST), R$ 0,00 (MUN) - Fonte: IBPT/empre - 92589A;;Formas de PGTO;PIX: 1110,00;PLACA: RAT8F79 - KM: 480304 - VEICULO: - ;;Dados para pagamento: BANCO: Sicredi - AG: 0810 - C/C: 52.100-1 - CHAVE PIX CNPJ: 52.501.367/0001-92;Procon/MT - Travessa Paes de Oliveir";480304;105;"TRIB. APROX.: R$: 99,90 (FED), R$ 212,01 (EST), R$ 0,00 (MUN) - Fonte: IBPT/empre - 92589A;;Formas de PGTO;PIX: 1110,00;PLACA: RAT8F79 - KM: 480304 - VEICULO: - ;;Dados para pagamento: BANCO: Sicredi - AG: 0810 - C/C: 52.100-1 - CHAVE PIX CNPJ: 52.501.367/0001-92;Procon/MT - Travessa Paes de Oliveira, s/n, Centro de Cuiaba/MT CEP:78.005-260 - Fone 65 3613 2100;ICMS monofasico sobre combustiveis co"
51260652501367000192550050000459631396910396.xml;52501367000192;COMERCIO DE COMBUSTIVEIS MAE CAROLINA LTDA;RAP8F14;98;"TRIB. APROX.: R$: 15,20 (FED), R$ 34,00 (EST), R$ 0,00 (MUN) - Fonte: IBPT/empre - 92589A;;Formas de PGTO;C. Debito: 200,00 - VISA DEBITO;PLACA: RAP8F14 - KM: 152413 - VEICULO: - ;;Dados para pagamento: BANCO: Sicredi - AG: 0810 - C/C: 52.100-1 - CHAVE PIX CNPJ: 52.501.367/0001-92;Procon/MT - Traves";152413;105;"TRIB. APROX.: R$: 15,20 (FED), R$ 34,00 (EST), R$ 0,00 (MUN) - Fonte: IBPT/empre - 92589A;;Formas de PGTO;C. Debito: 200,00 - VISA DEBITO;PLACA: RAP8F14 - KM: 152413 - VEICULO: - ;;Dados para pagamento: BANCO: Sicredi - AG: 0810 - C/C: 52.100-1 - CHAVE PIX CNPJ: 52.501.367/0001-92;Procon/MT - Travessa Paes de Oliveira, s/n, Centro de Cuiaba/MT CEP:78.005-260 - Fone 65 3613 2100;"
51260652501367000192550050000460211910969890.xml;52501367000192;COMERCIO DE COMBUSTIVEIS MAE CAROLINA LTDA;RAX6E36;98;"TRIB. APROX.: R$: 166,50 (FED), R$ 353,35 (EST), R$ 0,00 (MUN) - Fonte: IBPT/empre - 42CA5A;;Formas de PGTO;PIX: 1850,00;PLACA: RAX6E36 - KM: 413835 - VEICULO: - ;;Dados para pagamento: BANCO: Sicredi - AG: 0810 - C/C: 52.100-1 - CHAVE PIX CNPJ: 52.501.367/0001-92;Procon/MT - Travessa Paes de Olivei";413835;105;"TRIB. APROX.: R$: 166,50 (FED), R$ 353,35 (EST), R$ 0,00 (MUN) - Fonte: IBPT/empre - 42CA5A;;Formas de PGTO;PIX: 1850,00;PLACA: RAX6E36 - KM: 413835 - VEICULO: - ;;Dados para pagamento: BANCO: Sicredi - AG: 0810 - C/C: 52.100-1 - CHAVE PIX CNPJ: 52.501.367/0001-92;Procon/MT - Travessa Paes de Oliveira, s/n, Centro de Cuiaba/MT CEP:78.005-260 - Fone 65 3613 2100;ICMS monofasico sobre combustiveis c"
51260661677503000190550020000025261014338355.xml;61677503000190;POSTO MACEDO ITAUBA;RAU3I63;70;RESUMO PAGAMENTO: 1200,10|  - POS DEBITO: R$ 1200,10|ICMS monofasico sobre combustiveis cobrado anteriormente conforme Convenio(s) ICMS 199/2022 Vlr R$ 210,20-Sequencia:1433835 -Terminal:CAIXA01 -Op:MONIELI C:71743 E:79675 -Placa:RAU3I63 -km:475446 -media:15.06 k/l|Trib aprox R$108,01 Fed, R$229,22 ;475446;105;RESUMO PAGAMENTO: 1200,10|  - POS DEBITO: R$ 1200,10|ICMS monofasico sobre combustiveis cobrado anteriormente conforme Convenio(s) ICMS 199/2022 Vlr R$ 210,20-Sequencia:1433835 -Terminal:CAIXA01 -Op:MONIELI C:71743 E:79675 -Placa:RAU3I63 -km:475446 -media:15.06 k/l|Trib aprox R$108,01 Fed, R$229,22 Est, R$0,00 Mun/Fonte IBPT|MP 1340/2026: Subvencao de R$0,32/L ate 31/12/26 sem alteracao no PIS/COF
51260661677503000190550030000021691014201769.xml;61677503000190;POSTO MACEDO ITAUBA;RAX6E36;70;RESUMO PAGAMENTO: 1866,04|  - TEF DEBITO: R$ 1866,04|ICMS monofasico sobre combustiveis cobrado anteriormente conforme Convenio(s) ICMS 199/2022 Vlr R$ 331,80-Sequencia:1420176 -Terminal:CAIXA02 -Op:EMANUEL C:71743 E:79675 -Placa:RAX6E36 -km:407039 -media:3.32 k/l|Trib aprox R$167,94 Fed, R$356,41 E;407039;105;RESUMO PAGAMENTO: 1866,04|  - TEF DEBITO: R$ 1866,04|ICMS monofasico sobre combustiveis cobrado anteriormente conforme Convenio(s) ICMS 199/2022 Vlr R$ 331,80-Sequencia:1420176 -Terminal:CAIXA02 -Op:EMANUEL C:71743 E:79675 -Placa:RAX6E36 -km:407039 -media:3.32 k/l|Trib aprox R$167,94 Fed, R$356,41 Est, R$0,00 Mun/Fonte IBPT|MP 1340/2026: Subvencao de R$0,32/L ate 31/12/26 sem alteracao no PIS/COFI
51260661677503000190550030000024351014248224.xml;61677503000190;POSTO MACEDO ITAUBA;RAQ5F96;70;RESUMO PAGAMENTO: 1058,04|  - POS DEBITO: R$ 1058,04|ICMS monofasico sobre combustiveis cobrado anteriormente conforme Convenio(s) ICMS 199/2022 Vlr R$ 179,69-Sequencia:1424822 -Terminal:CAIXA02 -Op:EMANUEL C:71743 E:79675 -Placa:RAQ5F96 -km:423782|Trib aprox R$96,58 Fed, R$197,46 Est, R$0,00 Mun/Fo;423782;105;RESUMO PAGAMENTO: 1058,04|  - POS DEBITO: R$ 1058,04|ICMS monofasico sobre combustiveis cobrado anteriormente conforme Convenio(s) ICMS 199/2022 Vlr R$ 179,69-Sequencia:1424822 -Terminal:CAIXA02 -Op:EMANUEL C:71743 E:79675 -Placa:RAQ5F96 -km:423782|Trib aprox R$96,58 Fed, R$197,46 Est, R$0,00 Mun/Fonte IBPT|MP 1340/2026: Subvencao de R$0,32/L ate 31/12/26 sem alteracao no PIS/COFINS
51260661677503000190550030000024881014255372.xml;61677503000190;POSTO MACEDO ITAUBA;RAQ5F96;70;RESUMO PAGAMENTO: 1036,94|  - POS DEBITO: R$ 1036,94|ICMS monofasico sobre combustiveis cobrado anteriormente conforme Convenio(s) ICMS 199/2022 Vlr R$ 175,51-Sequencia:1425537 -Terminal:CAIXA02 -Op:ANGELINA C:71743 E:79675 -Placa:RAQ5F96 -km:424247 -media:2.89 k/l|Trib aprox R$94,81 Fed, R$193,02 E;424247;105;RESUMO PAGAMENTO: 1036,94|  - POS DEBITO: R$ 1036,94|ICMS monofasico sobre combustiveis cobrado anteriormente conforme Convenio(s) ICMS 199/2022 Vlr R$ 175,51-Sequencia:1425537 -Terminal:CAIXA02 -Op:ANGELINA C:71743 E:79675 -Placa:RAQ5F96 -km:424247 -media:2.89 k/l|Trib aprox R$94,81 Fed, R$193,02 Est, R$0,00 Mun/Fonte IBPT|MP 1340/2026: Subvencao de R$0,32/L ate 31/12/26 sem alteracao no PIS/COFI
51260661677503000190550030000025471014265524.xml;61677503000190;POSTO MACEDO ITAUBA;RAQ5F96;70;RESUMO PAGAMENTO: 1172,59|  - POS DEBITO: R$ 1172,59|ICMS monofasico sobre combustiveis cobrado anteriormente conforme Convenio(s) ICMS 199/2022 Vlr R$ 198,90-Sequencia:1426552 -Terminal:CAIXA02 -Op:CINTIA MARTINS C:71743 E:79675 -Placa:RAQ5F96 -km:424740 -media:2.71 k/l|Trib aprox R$107,10 Fed, R$2;424740;105;RESUMO PAGAMENTO: 1172,59|  - POS DEBITO: R$ 1172,59|ICMS monofasico sobre combustiveis cobrado anteriormente conforme Convenio(s) ICMS 199/2022 Vlr R$ 198,90-Sequencia:1426552 -Terminal:CAIXA02 -Op:CINTIA MARTINS C:71743 E:79675 -Placa:RAQ5F96 -km:424740 -media:2.71 k/l|Trib aprox R$107,10 Fed, R$218,64 Est, R$0,00 Mun/Fonte IBPT|MP 1340/2026: Subvencao de R$0,32/L ate 31/12/26 sem alteracao no P
51260661677503000190550040000020011014233410.xml;61677503000190;POSTO MACEDO ITAUBA;RAU3I63;70;RESUMO PAGAMENTO: 1588,25|  - POS DEBITO: R$ 1588,25|ICMS monofasico sobre combustiveis cobrado anteriormente conforme Convenio(s) ICMS 199/2022 Vlr R$ 273,67-Sequencia:1423341 -Terminal:CAIXA03 -Op:OSMAR C:71743 E:79675 -Placa:RAU3I63 -km:472741 -media:5.04 k/l|Trib aprox R$142,94 Fed, R$303,36 Est;472741;105;RESUMO PAGAMENTO: 1588,25|  - POS DEBITO: R$ 1588,25|ICMS monofasico sobre combustiveis cobrado anteriormente conforme Convenio(s) ICMS 199/2022 Vlr R$ 273,67-Sequencia:1423341 -Terminal:CAIXA03 -Op:OSMAR C:71743 E:79675 -Placa:RAU3I63 -km:472741 -media:5.04 k/l|Trib aprox R$142,94 Fed, R$303,36 Est, R$0,00 Mun/Fonte IBPT|MP 1340/2026: Subvencao de R$0,32/L ate 31/12/26 sem alteracao no PIS/COFINS
51260661677503000190550040000020331014239039.xml;61677503000190;POSTO MACEDO ITAUBA;RAQ5F96;70;RESUMO PAGAMENTO: 1112,39|  - POS DEBITO: R$ 1112,39|ICMS monofasico sobre combustiveis cobrado anteriormente conforme Convenio(s) ICMS 199/2022 Vlr R$ 188,42-Sequencia:1423903 -Terminal:CAIXA03 -Op:MONIELI C:71743 E:79675 -Placa:RAQ5F96 -km:422769 -media:12.64 k/l|Trib aprox R$101,67 Fed, R$207,17 ;422769;105;RESUMO PAGAMENTO: 1112,39|  - POS DEBITO: R$ 1112,39|ICMS monofasico sobre combustiveis cobrado anteriormente conforme Convenio(s) ICMS 199/2022 Vlr R$ 188,42-Sequencia:1423903 -Terminal:CAIXA03 -Op:MONIELI C:71743 E:79675 -Placa:RAQ5F96 -km:422769 -media:12.64 k/l|Trib aprox R$101,67 Fed, R$207,17 Est, R$0,00 Mun/Fonte IBPT|MP 1340/2026: Subvencao de R$0,32/L ate 31/12/26 sem alteracao no PIS/COF
51260661677503000190550040000020941014251026.xml;61677503000190;POSTO MACEDO ITAUBA;RAT8F79;98;RESUMO PAGAMENTO: 1603,85|  - POS DEBITO: R$ 1603,85|ICMS monofasico sobre combustiveis cobrado anteriormente conforme Convenio(s) ICMS 199/2022 Vlr R$ 280,50-Sequencia:1425102 -Terminal:CAIXA03 -Op:RILARI C:71743 E:79675 -Placa:RAT8F79|Trib aprox R$144,35 Fed, R$306,34 Est, R$0,00 Mun/Fonte IBPT|MP;;0;
51260661677503000190550040000027131014371110.xml;61677503000190;POSTO MACEDO ITAUBA;RAU3I63;70;RESUMO PAGAMENTO: 839,62|  - POS DEBITO: R$ 839,62|ICMS monofasico sobre combustiveis cobrado anteriormente conforme Convenio(s) ICMS 199/2022 Vlr R$ 147,06-Sequencia:1437111 -Terminal:CAIXA03 -Op:ELIZANA C:71743 E:79675 -Placa:RAU3I63 -km:476722 -media:10.15 k/l|Trib aprox R$75,57 Fed, R$160,37 Est;476722;105;RESUMO PAGAMENTO: 839,62|  - POS DEBITO: R$ 839,62|ICMS monofasico sobre combustiveis cobrado anteriormente conforme Convenio(s) ICMS 199/2022 Vlr R$ 147,06-Sequencia:1437111 -Terminal:CAIXA03 -Op:ELIZANA C:71743 E:79675 -Placa:RAU3I63 -km:476722 -media:10.15 k/l|Trib aprox R$75,57 Fed, R$160,37 Est, R$0,00 Mun/Fonte IBPT|MP 1340/2026: Subvencao de R$0,32/L ate 31/12/26 sem alteracao no PIS/COFINS
51260661677503000190550050000014331014219457.xml;61677503000190;POSTO MACEDO ITAUBA;RAU3I63;70;RESUMO PAGAMENTO: 1527,76|  - POS DEBITO: R$ 1527,76|ICMS monofasico sobre combustiveis cobrado anteriormente conforme Convenio(s) ICMS 199/2022 Vlr R$ 263,25-Sequencia:1421945 -Terminal:CAIXA04 -Op:JESSICA C:71743 E:79675 -Placa:RAU3I63 -km:471561 -media:16.58 k/l|Trib aprox R$137,50 Fed, R$291,80 ;471561;105;RESUMO PAGAMENTO: 1527,76|  - POS DEBITO: R$ 1527,76|ICMS monofasico sobre combustiveis cobrado anteriormente conforme Convenio(s) ICMS 199/2022 Vlr R$ 263,25-Sequencia:1421945 -Terminal:CAIXA04 -Op:JESSICA C:71743 E:79675 -Placa:RAU3I63 -km:471561 -media:16.58 k/l|Trib aprox R$137,50 Fed, R$291,80 Est, R$0,00 Mun/Fonte IBPT|MP 1340/2026: Subvencao de R$0,32/L ate 31/12/26 sem alteracao no PIS/COF
51260661677503000190550050000021011014393524.xml;61677503000190;POSTO MACEDO ITAUBA;RAU3I63;98;RESUMO PAGAMENTO: 1567,41|  - POS DEBITO: R$ 1567,41|ICMS monofasico sobre combustiveis cobrado anteriormente conforme Convenio(s) ICMS 199/2022 Vlr R$ 278,28-Sequencia:1439352 -Terminal:CAIXA04 -Op:ROSE NEVES C:71743 E:79675 -Placa:RAU3I63|Trib aprox R$141,07 Fed, R$299,38 Est, R$0,00 Mun/Fonte IBP;;0;
51260670427489000168550010007709541386780227.xml;70427489000168;POSTO EXODO;RAS2G89;70;"TRIB. APROX.: R$: 43,26 (FED), R$ 91,80 (EST), R$ 0,00 (MUN) - Fonte: IBPT/empre - 92589A;; KM: 0 PLACA: RAS2G89 - MEDIA : 0,00:;MOTORISTA: Formas de PGTO;C. Debito: 480,65 - PIX - MAQUINA CIELO;Procon/MT - Av. Gen. Ramiro de Noronha, n 294 - 1 andar - Jardim Cuiaba, Cuiaba - MT, CEP: 78043-180;Tele";;0;
51260700345307000124550040008299081001067457.xml;00345307000124;POSTO REDENTOR;RAT8F79;70;PROCON Cuiaba/MTEndereco: Av. Historiador Rubens de Mendonca, 917 - Jardim Aeroporto, Cuiaba - MTTelefone (65) 3613-2100 - Cliente: 37667 Vendedor: 62921 - ALDERLANY MIRANDA SANTOS [F] Pedidos: 128470, Dinheiro - PIX , PLACA: RAT8F79/MT, HORIMETRO: , KM: 485751, Frentista(s): [62922-ANDRE PELICER SI;485751;105;PROCON Cuiaba/MTEndereco: Av. Historiador Rubens de Mendonca, 917 - Jardim Aeroporto, Cuiaba - MTTelefone (65) 3613-2100 - Cliente: 37667 Vendedor: 62921 - ALDERLANY MIRANDA SANTOS [F] Pedidos: 128470, Dinheiro - PIX , PLACA: RAT8F79/MT, HORIMETRO: , KM: 485751, Frentista(s): [62922-ANDRE PELICER SILVA [F]] Valor Aprox. Trib: 120,12 Fed.254,92 Est. Fonte: IBPT 26.1.L
51260705678551000122550010000738871185185825.xml;05678551000122;NACIONAL GAS;RAQ3J90;100;tag oficial veicTransp/reboque;;0;
51260709508324000100550010001180821914373086.xml;09508324000100;POSTO GUARA;RAQ5F96;98;Motorista:ADRIANO |Observacao:CLIENTE.:34391-D. BARBIERO & CIA LTDA CPF/CNPJ:15.209.274/0001-62 IE:13464001-2 ENDERECO:R AV. VITORIA DO NORTE , 140140 CIDADE..:IPIRANGA DO NORTE-MT CEP:78.578-000|PLACA: RAQ5F96 |KM: 431619 MED:96,49 |OPERADOR: ELOISA DJENIFER ALVES FERREIRA| ICMS monofasico sobre co;431619;110;odometro: 431619
51260711512642000196550010004669931542431079.xml;11512642000196;ESTACAO AGUIA 163;RAT8F79;98;#CF:B17 EI14484017,66 EF14484221,46 V203,790 Trib aprox R$: 6,92 Federal e 264,29 Estadual Fonte: IBPT 5oi7eW PLACA: RAT-8F79 ODOM: 481874 MOT: MIRO REQ: MEDIA: 16,59 Km/Litro Atendente: 85783-BENLOVE DOLNE [F] PROCON/MT - AV. GENERAL RAMIRO DE NORONHA, N 294-B JARDIM CUIABA - CUIABA/MT., TELEFONE (;481874;110;#CF:B17 EI14484017,66 EF14484221,46 V203,790 Trib aprox R$: 6,92 Federal e 264,29 Estadual Fonte: IBPT 5oi7eW PLACA: RAT-8F79 ODOM: 481874 MOT: MIRO REQ: MEDIA: 16,59 Km/Litro Atendente: 85783-BENLOVE DOLNE [F] PROCON/MT - AV. GENERAL RAMIRO DE NORONHA, N 294-B JARDIM CUIABA - CUIABA/MT., TELEFONE (65) 3613-2100 Placa: RAT8F79 Odometro: 481874Marca= Adaptive Modelo= NFCE N= F8E88EC1E74A493BB716A8|
51260711512642000196550010004674651800169056.xml;11512642000196;ESTACAO AGUIA 163;RAT8F79;98;#CF:B24 EI7977517,930 EF7977777,940 V260,000 Trib aprox R$: 8,63 Federal e 329,74 Estadual Fonte: IBPT 5oi7eW PLACA: RAT-8F79 ODOM: 482660 MOT: MIRO REQ: MEDIA: 3,02 Km/Litro Atendente: 73220-JOSE RONIBELCIO ARAUJO DA SILVA [F] PROCON/MT - AV. GENERAL RAMIRO DE NORONHA, N 294-B JARDIM CUIABA - CUIAB;482660;110;#CF:B24 EI7977517,930 EF7977777,940 V260,000 Trib aprox R$: 8,63 Federal e 329,74 Estadual Fonte: IBPT 5oi7eW PLACA: RAT-8F79 ODOM: 482660 MOT: MIRO REQ: MEDIA: 3,02 Km/Litro Atendente: 73220-JOSE RONIBELCIO ARAUJO DA SILVA [F] PROCON/MT - AV. GENERAL RAMIRO DE NORONHA, N 294-B JARDIM CUIABA - CUIABA/MT., TELEFONE (65) 3613-2100 Placa: RAT8F79 Odometro: 482660Marca= Adaptive Modelo= NFCE N= 06A991
51260711512642000196550010004688861275420258.xml;11512642000196;ESTACAO AGUIA 163;RAQ5F96;98;#CF:B24 EI8004950,390 EF8005166,390 V216,000 #CF:B27 EI0533516,120 EF0533526,800 V10,680 Trib aprox R$: 12,90 Federal e 275,64 Estadual Fonte: IBPT 5oi7eW PLACA: RAQ-5F96 ODOM: 431035 MOT: ADRIANO REQ: MEDIA: 38,62 Km/Litro Atendente: 73220-JOSE RONIBELCIO ARAUJO DA SILVA [F] PROCON/MT - AV. GENERAL;431035;110;#CF:B24 EI8004950,390 EF8005166,390 V216,000 #CF:B27 EI0533516,120 EF0533526,800 V10,680 Trib aprox R$: 12,90 Federal e 275,64 Estadual Fonte: IBPT 5oi7eW PLACA: RAQ-5F96 ODOM: 431035 MOT: ADRIANO REQ: MEDIA: 38,62 Km/Litro Atendente: 73220-JOSE RONIBELCIO ARAUJO DA SILVA [F] PROCON/MT - AV. GENERAL RAMIRO DE NORONHA, N 294-B JARDIM CUIABA - CUIABA/MT., TELEFONE (65) 3613-2100 Placa: RAQ5F96 Odome
51260711512642000196550010004688871976861304.xml;11512642000196;ESTACAO AGUIA 163;RAT8F79;98;#CF:B23 EI9657499,430 EF9657738,450 V239,010 Trib aprox R$: 7,94 Federal e 303,12 Estadual Fonte: IBPT 5oi7eW PLACA: RAT-8F79 ODOM: 484713 MOT: MIRO REQ: MEDIA: 8,59 Km/Litro Atendente: 73220-JOSE RONIBELCIO ARAUJO DA SILVA [F] PROCON/MT - AV. GENERAL RAMIRO DE NORONHA, N 294-B JARDIM CUIABA - CUIAB;484713;110;#CF:B23 EI9657499,430 EF9657738,450 V239,010 Trib aprox R$: 7,94 Federal e 303,12 Estadual Fonte: IBPT 5oi7eW PLACA: RAT-8F79 ODOM: 484713 MOT: MIRO REQ: MEDIA: 8,59 Km/Litro Atendente: 73220-JOSE RONIBELCIO ARAUJO DA SILVA [F] PROCON/MT - AV. GENERAL RAMIRO DE NORONHA, N 294-B JARDIM CUIABA - CUIABA/MT., TELEFONE (65) 3613-2100 Placa: RAT8F79 Odometro: 484713Marca= Adaptive Modelo= NFCE N= 06A991
51260711512642000196550010004692431342303178.xml;11512642000196;ESTACAO AGUIA 163;RAS2G89;98;#CF:B11 EI4870086,950 EF4870138,000 V51,050 Trib aprox R$: 1,73 Federal e 66,21 Estadual Fonte: IBPT 5oi7eW PLACA: RAS-2G89 ODOM: 1 MOT: . REQ: MEDIA: 0,02 Km/Litro Atendente: 82849-ELVILEN KELVIN MARTINS DOS SANTOS [F] PROCON/MT - AV. GENERAL RAMIRO DE NORONHA, N 294-B JARDIM CUIABA - CUIABA/MT., T;;0;
51260711512642000196550010004693931968259921.xml;11512642000196;ESTACAO AGUIA 163;RAQ5F96;98;#CF:B23 EI9669530,410 EF9669750,430 V220,020 #CF:B27 EI0534387,260 EF0534405,620 V18,360 Trib aprox R$: 17,15 Federal e 281,97 Estadual Fonte: IBPT 5oi7eW PLACA: RAQ-5F96 ODOM: 431928 MOT: ADRIANO REQ: MEDIA: 3,75 Km/Litro Atendente: 86535-JAMES ALBERT [F] PROCON/MT - AV. GENERAL RAMIRO DE NORONHA, ;431928;110;#CF:B23 EI9669530,410 EF9669750,430 V220,020 #CF:B27 EI0534387,260 EF0534405,620 V18,360 Trib aprox R$: 17,15 Federal e 281,97 Estadual Fonte: IBPT 5oi7eW PLACA: RAQ-5F96 ODOM: 431928 MOT: ADRIANO REQ: MEDIA: 3,75 Km/Litro Atendente: 86535-JAMES ALBERT [F] PROCON/MT - AV. GENERAL RAMIRO DE NORONHA, N 294-B JARDIM CUIABA - CUIABA/MT., TELEFONE (65) 3613-2100 Placa: RAQ5F96 Odometro: 431928Marca= Ad
51260711512642000196550010004693991392150597.xml;11512642000196;ESTACAO AGUIA 163;RAT8F79;98;#CF:B17 EI14551154,21 EF14551269,49 V115,280 Trib aprox R$: 3,83 Federal e 146,20 Estadual Fonte: IBPT 5oi7eW PLACA: RAT-8F79 ODOM: 185369 MOT: MIRO REQ: MEDIA: 1.607,99 Km/Litro Atendente: 91461-CARLOS ENRIQUE RODRIGUEZ [F] PROCON/MT - AV. GENERAL RAMIRO DE NORONHA, N 294-B JARDIM CUIABA - CUIABA/M;185369;110;#CF:B17 EI14551154,21 EF14551269,49 V115,280 Trib aprox R$: 3,83 Federal e 146,20 Estadual Fonte: IBPT 5oi7eW PLACA: RAT-8F79 ODOM: 185369 MOT: MIRO REQ: MEDIA: 1.607,99 Km/Litro Atendente: 91461-CARLOS ENRIQUE RODRIGUEZ [F] PROCON/MT - AV. GENERAL RAMIRO DE NORONHA, N 294-B JARDIM CUIABA - CUIABA/MT., TELEFONE (65) 3613-2100 Placa: RAT8F79 Odometro: 185369Marca= Adaptive Modelo= NFCE N= 93B2C7442
51260711512642000196550010004713731070927730.xml;11512642000196;ESTACAO AGUIA 163;RAQ5F96;98;#CF:B24 EI8054338,920 EF8054569,800 V230,870 #CF:B27 EI0538521,030 EF0538534,770 V13,740 Trib aprox R$: 15,03 Federal e 294,99 Estadual Fonte: IBPT 5oi7eW PLACA: RAQ-5F96 ODOM: 434043 MOT: 1 REQ: MEDIA: 0,00 Km/Litro Atendente: 86535-JAMES ALBERT [F] PROCON/MT - AV. GENERAL RAMIRO DE NORONHA, N 294-;434043;110;#CF:B24 EI8054338,920 EF8054569,800 V230,870 #CF:B27 EI0538521,030 EF0538534,770 V13,740 Trib aprox R$: 15,03 Federal e 294,99 Estadual Fonte: IBPT 5oi7eW PLACA: RAQ-5F96 ODOM: 434043 MOT: 1 REQ: MEDIA: 0,00 Km/Litro Atendente: 86535-JAMES ALBERT [F] PROCON/MT - AV. GENERAL RAMIRO DE NORONHA, N 294-B JARDIM CUIABA - CUIABA/MT., TELEFONE (65) 3613-2100 Placa: RAQ5F96 Odometro: 434043Marca= Adaptive
51260711512642000196550010004717461705350544.xml;11512642000196;ESTACAO AGUIA 163;RAT8F79;98;#CF:B20 EI8181273,280 EF8181465,960 V192,670 Trib aprox R$: 6,40 Federal e 244,35 Estadual Fonte: IBPT 5oi7eW PLACA: RAT-8F79 ODOM: 486385 MOT: MIRO REQ: MEDIA: 1.562,34 Km/Litro Atendente: 85783-BENLOVE DOLNE [F] PROCON/MT - AV. GENERAL RAMIRO DE NORONHA, N 294-B JARDIM CUIABA - CUIABA/MT., TELEFON;486385;110;#CF:B20 EI8181273,280 EF8181465,960 V192,670 Trib aprox R$: 6,40 Federal e 244,35 Estadual Fonte: IBPT 5oi7eW PLACA: RAT-8F79 ODOM: 486385 MOT: MIRO REQ: MEDIA: 1.562,34 Km/Litro Atendente: 85783-BENLOVE DOLNE [F] PROCON/MT - AV. GENERAL RAMIRO DE NORONHA, N 294-B JARDIM CUIABA - CUIABA/MT., TELEFONE (65) 3613-2100 Placa: RAT8F79 Odometro: 486385Marca= Adaptive Modelo= NFCE N= 06A9913DCB1745A28FA9
51260711512642000196550010004720901750349210.xml;11512642000196;ESTACAO AGUIA 163;RAQ5F96;98;#CF:B24 EI8068037,950 EF8068237,870 V199,910 #CF:B27 EI0539871,960 EF0539884,740 V12,770 Trib aprox R$: 13,49 Federal e 255,57 Estadual Fonte: IBPT 5oi7eW PLACA: RAQ-5F96 ODOM: 434584 MOT: ADRIANO REQ: MEDIA: 2,54 Km/Litro Atendente: 78580-TAIGOR RUAN SERRAO ARAUJO [F] PROCON/MT - AV. GENERAL RAMIRO;434584;110;#CF:B24 EI8068037,950 EF8068237,870 V199,910 #CF:B27 EI0539871,960 EF0539884,740 V12,770 Trib aprox R$: 13,49 Federal e 255,57 Estadual Fonte: IBPT 5oi7eW PLACA: RAQ-5F96 ODOM: 434584 MOT: ADRIANO REQ: MEDIA: 2,54 Km/Litro Atendente: 78580-TAIGOR RUAN SERRAO ARAUJO [F] PROCON/MT - AV. GENERAL RAMIRO DE NORONHA, N 294-B JARDIM CUIABA - CUIABA/MT., TELEFONE (65) 3613-2100 Placa: RAQ5F96 Odometro: 43
51260715369846000170550010004067701287244090.xml;15369846000170;RODOMOLAS AUTO PECAS LTDA;;0;;;0;
51260724969636000104550010003558471051526873.xml;24969636000104;AUTO PECAS UNIAO MATRIZ;;0;;;0;
51260731141819000283550010002574871003686740.xml;31141819000283;POSTO RODOBRAS - MUTUM;RAQF96;75;PLACA: RAQF96 KM: 433376 | Tributacao monofasica do ICMS conforme Convenio ICMS 199/2022, alterado pelo Convenio ICMS 113/2025. | Tributos aproximados: R$ 102.36 (9.16%) Federal, R$ 207.42 (18.56%) Estadual, R$ 0.00 (0.00%) Municipal |  - Fonte: IBPT - MT  42CA5A |  | FORMA DE PAGAMENTO: |       POS;433376;105;PLACA: RAQF96 KM: 433376 | Tributacao monofasica do ICMS conforme Convenio ICMS 199/2022, alterado pelo Convenio ICMS 113/2025. | Tributos aproximados: R$ 102.36 (9.16%) Federal, R$ 207.42 (18.56%) Estadual, R$ 0.00 (0.00%) Municipal |  - Fonte: IBPT - MT  42CA5A |  | FORMA DE PAGAMENTO: |       POS - VISA DEBITO - GETNET: 1.098,15 | PROCON/MT - Sede do Ganha Tempo - Praca Ipiranga - Travessa Paes
51260736381687000108550030000267991004354069.xml;36381687000108;AUTO POSTO FIGUEIRA;RAT8F79;70;RESUMO PAGAMENTO: 1044,23|  - DEPOSITO: R$ 1044,23|ICMS monofasico sobre combustiveis cobrado anteriormente conforme Convenio(s) ICMS 199/2022 Vlr R$ 167,59-Sequencia:435406 -Terminal:CAIXA_02 -Op:JAINE C:1954 E:1954 -Placa:RAT8F79 -km:487564 -media:24.77 k/l|Trib aprox R$93,98 Fed, R$199,45 Est, R$;487564;105;RESUMO PAGAMENTO: 1044,23|  - DEPOSITO: R$ 1044,23|ICMS monofasico sobre combustiveis cobrado anteriormente conforme Convenio(s) ICMS 199/2022 Vlr R$ 167,59-Sequencia:435406 -Terminal:CAIXA_02 -Op:JAINE C:1954 E:1954 -Placa:RAT8F79 -km:487564 -media:24.77 k/l|Trib aprox R$93,98 Fed, R$199,45 Est, R$0,00 Mun/Fonte IBPT|MP 1340/2026: Subvencao de R$0,32/L ate 31/12/26 sem alteracao no PIS/COFINS
51260736381687000108550030000268441004358592.xml;36381687000108;AUTO POSTO FIGUEIRA;RAT8F79;70;RESUMO PAGAMENTO: 1524,78|  - DEPOSITO: R$ 1524,78|ICMS monofasico sobre combustiveis cobrado anteriormente conforme Convenio(s) ICMS 199/2022 Vlr R$ 244,72-Sequencia:435859 -Terminal:CAIXA_02 -Op:VENILSON C:1954 E:1954 -Placa:RAT8F79 -km:488210 -media:3.09 k/l -MOTORISTAMIRO|Trib aprox R$137,23 Fed;488210;105;RESUMO PAGAMENTO: 1524,78|  - DEPOSITO: R$ 1524,78|ICMS monofasico sobre combustiveis cobrado anteriormente conforme Convenio(s) ICMS 199/2022 Vlr R$ 244,72-Sequencia:435859 -Terminal:CAIXA_02 -Op:VENILSON C:1954 E:1954 -Placa:RAT8F79 -km:488210 -media:3.09 k/l -MOTORISTAMIRO|Trib aprox R$137,23 Fed, R$291,23 Est, R$0,00 Mun/Fonte IBPT|MP 1340/2026: Subvencao de R$0,32/L ate 31/12/26 sem alteracao
51260736381687000108550110000009971004292491.xml;36381687000108;AUTO POSTO FIGUEIRA;RAT8F79;70;RESUMO PAGAMENTO: 1031,68|  - DEPOSITO: R$ 1031,68|ICMS monofasico sobre combustiveis cobrado anteriormente conforme Convenio(s) ICMS 199/2022 Vlr R$ 165,58-Sequencia:429249 -Terminal:CAIXA_06 -Op:ALLAN C:1954 E:1954 -Placa:RAT8F79 -km:483369 -media:18.73 k/l|Trib aprox R$92,85 Fed, R$197,05 Est, R$;483369;105;RESUMO PAGAMENTO: 1031,68|  - DEPOSITO: R$ 1031,68|ICMS monofasico sobre combustiveis cobrado anteriormente conforme Convenio(s) ICMS 199/2022 Vlr R$ 165,58-Sequencia:429249 -Terminal:CAIXA_06 -Op:ALLAN C:1954 E:1954 -Placa:RAT8F79 -km:483369 -media:18.73 k/l|Trib aprox R$92,85 Fed, R$197,05 Est, R$0,00 Mun/Fonte IBPT|MP 1340/2026: Subvencao de R$0,32/L ate 31/12/26 sem alteracao no PIS/COFINS
51260736381687000108550110000010341004296182.xml;36381687000108;AUTO POSTO FIGUEIRA;RAT8F79;70;RESUMO PAGAMENTO: 1691,21|  - DEPOSITO: R$ 1691,21|ICMS monofasico sobre combustiveis cobrado anteriormente conforme Convenio(s) ICMS 199/2022 Vlr R$ 271,43-Sequencia:429618 -Terminal:CAIXA_06 -Op:PAMELA C:1954 E:1954 -Placa:RAT8F79 -km:484016 -media:2.79 k/l|Trib aprox R$152,21 Fed, R$323,02 Est, R;484016;105;RESUMO PAGAMENTO: 1691,21|  - DEPOSITO: R$ 1691,21|ICMS monofasico sobre combustiveis cobrado anteriormente conforme Convenio(s) ICMS 199/2022 Vlr R$ 271,43-Sequencia:429618 -Terminal:CAIXA_06 -Op:PAMELA C:1954 E:1954 -Placa:RAT8F79 -km:484016 -media:2.79 k/l|Trib aprox R$152,21 Fed, R$323,02 Est, R$0,00 Mun/Fonte IBPT|MP 1340/2026: Subvencao de R$0,32/L ate 31/12/26 sem alteracao no PIS/COFINS
51260741090635000104550010001473631299655169.xml;41090635000104;POSTO SABIA;RAU3I63;98;"#CF:B08 EI8312893,380 EF8313104,300 V210,920 Trib aprox R$: 0,00 Federal e 233,72 Estadual Fonte: IBPT 5oi7eW PLACA: RAU-3I63 ODOM: 478647 MOT: . REQ: Atendente: 61816-JOAQUIM LOPES DA SILVA Placa: RAU3I63 Odometro: 478647 | N:0,, Placa: RAU3I63, Odometro: 478.647,000, Media do Veiculo: 0.000; MOT: ";478647;110;"#CF:B08 EI8312893,380 EF8313104,300 V210,920 Trib aprox R$: 0,00 Federal e 233,72 Estadual Fonte: IBPT 5oi7eW PLACA: RAU-3I63 ODOM: 478647 MOT: . REQ: Atendente: 61816-JOAQUIM LOPES DA SILVA Placa: RAU3I63 Odometro: 478647 | N:0,, Placa: RAU3I63, Odometro: 478.647,000, Media do Veiculo: 0.000; MOT: . OBS: - PLACA: RAU3I63; MOT: .; ODOM: 478647KM: 478647 -"
51260741090635000104550010001492411993751041.xml;41090635000104;POSTO SABIA;RAU3I63;98;"#CF:B05 EI7795114,000 EF7795354,760 V240,750 Trib aprox R$: 0,00 Federal e 266,77 Estadual Fonte: IBPT 5oi7eW PLACA: RAU-3I63 ODOM: 483443 Atendente: 61816-JOAQUIM LOPES DA SILVA Placa: RAU3I63 Odometro: 483443 | N:0,, Placa: RAU3I63, Odometro: 483.443,000, Media do Veiculo: 0.000;OBS: - PLACA: RAU3";483443;110;"#CF:B05 EI7795114,000 EF7795354,760 V240,750 Trib aprox R$: 0,00 Federal e 266,77 Estadual Fonte: IBPT 5oi7eW PLACA: RAU-3I63 ODOM: 483443 Atendente: 61816-JOAQUIM LOPES DA SILVA Placa: RAU3I63 Odometro: 483443 | N:0,, Placa: RAU3I63, Odometro: 483.443,000, Media do Veiculo: 0.000;OBS: - PLACA: RAU3I63; ODOM: 483443KM: 483443 -"
51260750128357000209550050000336791003243562.xml;50128357000209;SAO CRISTOVAO;;0;;;0;
51260752501367000192550050000461711501529452.xml;52501367000192;COMERCIO DE COMBUSTIVEIS MAE CAROLINA LTDA;RAX6E36;98;"TRIB. APROX.: R$: 169,62 (FED), R$ 359,98 (EST), R$ 0,00 (MUN) - Fonte: IBPT/empre - 42CA5A;;Formas de PGTO;PIX: 1884,71;PLACA: RAX6E36 - KM: 414408 - VEICULO: - ;;Dados para pagamento: BANCO: Sicredi - AG: 0810 - C/C: 52.100-1 - CHAVE PIX CNPJ: 52.501.367/0001-92;Procon/MT - Travessa Paes de Olivei";414408;105;"TRIB. APROX.: R$: 169,62 (FED), R$ 359,98 (EST), R$ 0,00 (MUN) - Fonte: IBPT/empre - 42CA5A;;Formas de PGTO;PIX: 1884,71;PLACA: RAX6E36 - KM: 414408 - VEICULO: - ;;Dados para pagamento: BANCO: Sicredi - AG: 0810 - C/C: 52.100-1 - CHAVE PIX CNPJ: 52.501.367/0001-92;Procon/MT - Travessa Paes de Oliveira, s/n, Centro de Cuiaba/MT CEP:78.005-260 - Fone 65 3613 2100;ICMS monofasico sobre combustiveis c"
51260752501367000192550050000463751428848140.xml;52501367000192;COMERCIO DE COMBUSTIVEIS MAE CAROLINA LTDA;RAP8F14;98;"TRIB. APROX.: R$: 15,20 (FED), R$ 34,00 (EST), R$ 0,00 (MUN) - Fonte: IBPT/empre - 42CA5A;;Formas de PGTO;C. Debito: 200,00 - VISA DEBITO;PLACA: RAP8F14 - KM: 152850 - VEICULO: - ;;Dados para pagamento: BANCO: Sicredi - AG: 0810 - C/C: 52.100-1 - CHAVE PIX CNPJ: 52.501.367/0001-92;Procon/MT - Traves";152850;105;"TRIB. APROX.: R$: 15,20 (FED), R$ 34,00 (EST), R$ 0,00 (MUN) - Fonte: IBPT/empre - 42CA5A;;Formas de PGTO;C. Debito: 200,00 - VISA DEBITO;PLACA: RAP8F14 - KM: 152850 - VEICULO: - ;;Dados para pagamento: BANCO: Sicredi - AG: 0810 - C/C: 52.100-1 - CHAVE PIX CNPJ: 52.501.367/0001-92;Procon/MT - Travessa Paes de Oliveira, s/n, Centro de Cuiaba/MT CEP:78.005-260 - Fone 65 3613 2100;"
51260752501367000192550050000464271618904847.xml;52501367000192;COMERCIO DE COMBUSTIVEIS MAE CAROLINA LTDA;RAT8F79;98;"TRIB. APROX.: R$: 59,41 (FED), R$ 126,08 (EST), R$ 0,00 (MUN) - Fonte: IBPT/empre - 42CA5A;;Formas de PGTO;PIX: 660,10;PLACA: RAT8F79 - KM: 482950 - VEICULO: - ;;Dados para pagamento: BANCO: Sicredi - AG: 0810 - C/C: 52.100-1 - CHAVE PIX CNPJ: 52.501.367/0001-92;Procon/MT - Travessa Paes de Oliveira";482950;105;"TRIB. APROX.: R$: 59,41 (FED), R$ 126,08 (EST), R$ 0,00 (MUN) - Fonte: IBPT/empre - 42CA5A;;Formas de PGTO;PIX: 660,10;PLACA: RAT8F79 - KM: 482950 - VEICULO: - ;;Dados para pagamento: BANCO: Sicredi - AG: 0810 - C/C: 52.100-1 - CHAVE PIX CNPJ: 52.501.367/0001-92;Procon/MT - Travessa Paes de Oliveira, s/n, Centro de Cuiaba/MT CEP:78.005-260 - Fone 65 3613 2100;ICMS monofasico sobre combustiveis cob"
51260752501367000192550050000466331768705139.xml;52501367000192;COMERCIO DE COMBUSTIVEIS MAE CAROLINA LTDA;RAQ5F96;98;"TRIB. APROX.: R$: 73,48 (FED), R$ 143,49 (EST), R$ 0,00 (MUN) - Fonte: IBPT/empre - 42CA5A;;Formas de PGTO;PIX: 791,31;PLACA: RAQ5F96 - KM: 430803 - VEICULO: - ;;Dados para pagamento: BANCO: Sicredi - AG: 0810 - C/C: 52.100-1 - CHAVE PIX CNPJ: 52.501.367/0001-92;Procon/MT - Travessa Paes de Oliveira";430803;105;"TRIB. APROX.: R$: 73,48 (FED), R$ 143,49 (EST), R$ 0,00 (MUN) - Fonte: IBPT/empre - 42CA5A;;Formas de PGTO;PIX: 791,31;PLACA: RAQ5F96 - KM: 430803 - VEICULO: - ;;Dados para pagamento: BANCO: Sicredi - AG: 0810 - C/C: 52.100-1 - CHAVE PIX CNPJ: 52.501.367/0001-92;Procon/MT - Travessa Paes de Oliveira, s/n, Centro de Cuiaba/MT CEP:78.005-260 - Fone 65 3613 2100;ICMS monofasico sobre combustiveis cob"
51260752501367000192550050000467191207355267.xml;52501367000192;COMERCIO DE COMBUSTIVEIS MAE CAROLINA LTDA;RAU3I63;98;"TRIB. APROX.: R$: 146,52 (FED), R$ 310,95 (EST), R$ 0,00 (MUN) - Fonte: IBPT/empre - 42CA5A;;Formas de PGTO;PIX: 1628,00;PLACA: RAU3I63 - KM: 479426 - VEICULO: - ;;Dados para pagamento: BANCO: Sicredi - AG: 0810 - C/C: 52.100-1 - CHAVE PIX CNPJ: 52.501.367/0001-92;Procon/MT - Travessa Paes de Olivei";479426;105;"TRIB. APROX.: R$: 146,52 (FED), R$ 310,95 (EST), R$ 0,00 (MUN) - Fonte: IBPT/empre - 42CA5A;;Formas de PGTO;PIX: 1628,00;PLACA: RAU3I63 - KM: 479426 - VEICULO: - ;;Dados para pagamento: BANCO: Sicredi - AG: 0810 - C/C: 52.100-1 - CHAVE PIX CNPJ: 52.501.367/0001-92;Procon/MT - Travessa Paes de Oliveira, s/n, Centro de Cuiaba/MT CEP:78.005-260 - Fone 65 3613 2100;ICMS monofasico sobre combustiveis c"
51260752501367000192550050000468141499746880.xml;52501367000192;COMERCIO DE COMBUSTIVEIS MAE CAROLINA LTDA;RAX6E36;98;"TRIB. APROX.: R$: 37,85 (FED), R$ 72,02 (EST), R$ 0,00 (MUN) - Fonte: IBPT/empre - 42CA5A;;Formas de PGTO;PIX: 403,80;PLACA: RAX6E36 - KM: 416837 - VEICULO: - ;;Dados para pagamento: BANCO: Sicredi - AG: 0810 - C/C: 52.100-1 - CHAVE PIX CNPJ: 52.501.367/0001-92;Procon/MT - Travessa Paes de Oliveira,";416837;105;"TRIB. APROX.: R$: 37,85 (FED), R$ 72,02 (EST), R$ 0,00 (MUN) - Fonte: IBPT/empre - 42CA5A;;Formas de PGTO;PIX: 403,80;PLACA: RAX6E36 - KM: 416837 - VEICULO: - ;;Dados para pagamento: BANCO: Sicredi - AG: 0810 - C/C: 52.100-1 - CHAVE PIX CNPJ: 52.501.367/0001-92;Procon/MT - Travessa Paes de Oliveira, s/n, Centro de Cuiaba/MT CEP:78.005-260 - Fone 65 3613 2100;ICMS monofasico sobre combustiveis cobr"
51260752501367000192550050000469321189306142.xml;52501367000192;COMERCIO DE COMBUSTIVEIS MAE CAROLINA LTDA;RAP8F14;98;"TRIB. APROX.: R$: 13,69 (FED), R$ 30,62 (EST), R$ 0,00 (MUN) - Fonte: IBPT/empre - 42CA5A;;Formas de PGTO;C. Debito: 180,10 - VISA DEBITO;PLACA: RAP8F14 - KM: 153223 - VEICULO: - ;;Dados para pagamento: BANCO: Sicredi - AG: 0810 - C/C: 52.100-1 - CHAVE PIX CNPJ: 52.501.367/0001-92;Procon/MT - Traves";153223;105;"TRIB. APROX.: R$: 13,69 (FED), R$ 30,62 (EST), R$ 0,00 (MUN) - Fonte: IBPT/empre - 42CA5A;;Formas de PGTO;C. Debito: 180,10 - VISA DEBITO;PLACA: RAP8F14 - KM: 153223 - VEICULO: - ;;Dados para pagamento: BANCO: Sicredi - AG: 0810 - C/C: 52.100-1 - CHAVE PIX CNPJ: 52.501.367/0001-92;Procon/MT - Travessa Paes de Oliveira, s/n, Centro de Cuiaba/MT CEP:78.005-260 - Fone 65 3613 2100;"
51260752501367000192550050000470491757430780.xml;52501367000192;COMERCIO DE COMBUSTIVEIS MAE CAROLINA LTDA;RAU3I63;98;"TRIB. APROX.: R$: 90,00 (FED), R$ 191,00 (EST), R$ 0,00 (MUN) - Fonte: IBPT/empre - 42CA5A;;Formas de PGTO;C. Debito: 1000,00 - VISA DEBITO;PLACA: RAU3I63 - KM: 481443 - VEICULO: - ;;Dados para pagamento: BANCO: Sicredi - AG: 0810 - C/C: 52.100-1 - CHAVE PIX CNPJ: 52.501.367/0001-92;Procon/MT - Trav";481443;105;"TRIB. APROX.: R$: 90,00 (FED), R$ 191,00 (EST), R$ 0,00 (MUN) - Fonte: IBPT/empre - 42CA5A;;Formas de PGTO;C. Debito: 1000,00 - VISA DEBITO;PLACA: RAU3I63 - KM: 481443 - VEICULO: - ;;Dados para pagamento: BANCO: Sicredi - AG: 0810 - C/C: 52.100-1 - CHAVE PIX CNPJ: 52.501.367/0001-92;Procon/MT - Travessa Paes de Oliveira, s/n, Centro de Cuiaba/MT CEP:78.005-260 - Fone 65 3613 2100;ICMS monofasico s"
51260752501367000192550050000472971776999006.xml;52501367000192;COMERCIO DE COMBUSTIVEIS MAE CAROLINA LTDA;RAP8F14;98;"TRIB. APROX.: R$: 3,80 (FED), R$ 8,50 (EST), R$ 0,00 (MUN) - Fonte: IBPT/empre - 42CA5A;;Formas de PGTO;C. Debito: 50,00 - VISA DEBITO;PLACA: RAP8F14 - KM: 153561 - VEICULO: - ;;Dados para pagamento: BANCO: Sicredi - AG: 0810 - C/C: 52.100-1 - CHAVE PIX CNPJ: 52.501.367/0001-92;Procon/MT - Travessa ";153561;105;"TRIB. APROX.: R$: 3,80 (FED), R$ 8,50 (EST), R$ 0,00 (MUN) - Fonte: IBPT/empre - 42CA5A;;Formas de PGTO;C. Debito: 50,00 - VISA DEBITO;PLACA: RAP8F14 - KM: 153561 - VEICULO: - ;;Dados para pagamento: BANCO: Sicredi - AG: 0810 - C/C: 52.100-1 - CHAVE PIX CNPJ: 52.501.367/0001-92;Procon/MT - Travessa Paes de Oliveira, s/n, Centro de Cuiaba/MT CEP:78.005-260 - Fone 65 3613 2100;"
51260752501367000192550050000474321112510117.xml;52501367000192;COMERCIO DE COMBUSTIVEIS MAE CAROLINA LTDA;RAP8F14;98;"TRIB. APROX.: R$: 13,60 (FED), R$ 30,43 (EST), R$ 0,00 (MUN) - Fonte: IBPT/empre - 42CA5A;;Formas de PGTO;C. Debito: 178,99 - VISA DEBITO;PLACA: RAP8F14 - KM: 153744 - VEICULO: - ;;Dados para pagamento: BANCO: Sicredi - AG: 0810 - C/C: 52.100-1 - CHAVE PIX CNPJ: 52.501.367/0001-92;Procon/MT - Traves";153744;105;"TRIB. APROX.: R$: 13,60 (FED), R$ 30,43 (EST), R$ 0,00 (MUN) - Fonte: IBPT/empre - 42CA5A;;Formas de PGTO;C. Debito: 178,99 - VISA DEBITO;PLACA: RAP8F14 - KM: 153744 - VEICULO: - ;;Dados para pagamento: BANCO: Sicredi - AG: 0810 - C/C: 52.100-1 - CHAVE PIX CNPJ: 52.501.367/0001-92;Procon/MT - Travessa Paes de Oliveira, s/n, Centro de Cuiaba/MT CEP:78.005-260 - Fone 65 3613 2100;"
51260752501367000192550050000476541101074807.xml;52501367000192;COMERCIO DE COMBUSTIVEIS MAE CAROLINA LTDA;RAT8F79;98;"TRIB. APROX.: R$: 161,83 (FED), R$ 343,44 (EST), R$ 0,00 (MUN) - Fonte: IBPT/empre - 42CA5A;;Formas de PGTO;PIX: 1798,12;PLACA: RAT8F79 - KM: 487145 - VEICULO: - ;;Dados para pagamento: BANCO: Sicredi - AG: 0810 - C/C: 52.100-1 - CHAVE PIX CNPJ: 52.501.367/0001-92;Procon/MT - Travessa Paes de Olivei";487145;105;"TRIB. APROX.: R$: 161,83 (FED), R$ 343,44 (EST), R$ 0,00 (MUN) - Fonte: IBPT/empre - 42CA5A;;Formas de PGTO;PIX: 1798,12;PLACA: RAT8F79 - KM: 487145 - VEICULO: - ;;Dados para pagamento: BANCO: Sicredi - AG: 0810 - C/C: 52.100-1 - CHAVE PIX CNPJ: 52.501.367/0001-92;Procon/MT - Travessa Paes de Oliveira, s/n, Centro de Cuiaba/MT CEP:78.005-260 - Fone 65 3613 2100;ICMS monofasico sobre combustiveis c"
51260752501367000192550050000477731851252745.xml;52501367000192;COMERCIO DE COMBUSTIVEIS MAE CAROLINA LTDA;RAX6E36;98;"TRIB. APROX.: R$: 165,69 (FED), R$ 339,97 (EST), R$ 0,00 (MUN) - Fonte: IBPT/empre - 42CA5A;;Formas de PGTO;PIX: 1817,52;PLACA: RAX6E36 - KM: 417789 - VEICULO: - DONIZETE;;Dados para pagamento: BANCO: Sicredi - AG: 0810 - C/C: 52.100-1 - CHAVE PIX CNPJ: 52.501.367/0001-92;Procon/MT - Travessa Paes d";417789;105;"TRIB. APROX.: R$: 165,69 (FED), R$ 339,97 (EST), R$ 0,00 (MUN) - Fonte: IBPT/empre - 42CA5A;;Formas de PGTO;PIX: 1817,52;PLACA: RAX6E36 - KM: 417789 - VEICULO: - DONIZETE;;Dados para pagamento: BANCO: Sicredi - AG: 0810 - C/C: 52.100-1 - CHAVE PIX CNPJ: 52.501.367/0001-92;Procon/MT - Travessa Paes de Oliveira, s/n, Centro de Cuiaba/MT CEP:78.005-260 - Fone 65 3613 2100;ICMS monofasico sobre combus"
51260752501367000192550050000478601933969543.xml;52501367000192;COMERCIO DE COMBUSTIVEIS MAE CAROLINA LTDA;RAP8F14;98;"TRIB. APROX.: R$: 3,65 (FED), R$ 8,16 (EST), R$ 0,00 (MUN) - Fonte: IBPT/empre - 42CA5A;;Formas de PGTO;C. Debito: 48,00 - VISA DEBITO;PLACA: RAP8F14 - KM: 154199 - VEICULO: - ;;Dados para pagamento: BANCO: Sicredi - AG: 0810 - C/C: 52.100-1 - CHAVE PIX CNPJ: 52.501.367/0001-92;Procon/MT - Travessa ";154199;105;"TRIB. APROX.: R$: 3,65 (FED), R$ 8,16 (EST), R$ 0,00 (MUN) - Fonte: IBPT/empre - 42CA5A;;Formas de PGTO;C. Debito: 48,00 - VISA DEBITO;PLACA: RAP8F14 - KM: 154199 - VEICULO: - ;;Dados para pagamento: BANCO: Sicredi - AG: 0810 - C/C: 52.100-1 - CHAVE PIX CNPJ: 52.501.367/0001-92;Procon/MT - Travessa Paes de Oliveira, s/n, Centro de Cuiaba/MT CEP:78.005-260 - Fone 65 3613 2100;"
51260760700135000868550010000644791614458368.xml;60700135000868;POLIFILTRO SINOP;;0;;;0;
51260761677503000190550020000033931014499677.xml;61677503000190;POSTO MACEDO ITAUBA;RAX6E36;70;RESUMO PAGAMENTO: 2999,32|  - POS DEBITO: R$ 2999,32|ICMS monofasico sobre combustiveis cobrado anteriormente conforme Convenio(s) ICMS 199/2022 Vlr R$ 537,18-Sequencia:1449967 -Terminal:CAIXA01 -Op:FELIPE C:71743 E:79675 -Placa:RAX6E36 -km:4160702|Trib aprox R$270,81 Fed, R$569,91 Est, R$0,00 Mun/F;4160702;105;RESUMO PAGAMENTO: 2999,32|  - POS DEBITO: R$ 2999,32|ICMS monofasico sobre combustiveis cobrado anteriormente conforme Convenio(s) ICMS 199/2022 Vlr R$ 537,18-Sequencia:1449967 -Terminal:CAIXA01 -Op:FELIPE C:71743 E:79675 -Placa:RAX6E36 -km:4160702|Trib aprox R$270,81 Fed, R$569,91 Est, R$0,00 Mun/Fonte IBPT|MP 1340/2026: Subvencao de R$0,32/L ate 31/12/26 sem alteracao no PIS/COFINS
51260761677503000190550020000041421014627319.xml;61677503000190;POSTO MACEDO ITAUBA;RAU3I63;70;RESUMO PAGAMENTO: 1500,00|  - TEF CREDITO: R$ 1500,00|ICMS monofasico sobre combustiveis cobrado anteriormente conforme Convenio(s) ICMS 199/2022 Vlr R$ 270,83-Sequencia:1462731 -Terminal:CAIXA01 -Op:FELIPE C:71743 E:79675 -Placa:RAU3I63 -km:485033 -media:10.32 k/l|Trib aprox R$135,00 Fed, R$286,50 ;485033;105;RESUMO PAGAMENTO: 1500,00|  - TEF CREDITO: R$ 1500,00|ICMS monofasico sobre combustiveis cobrado anteriormente conforme Convenio(s) ICMS 199/2022 Vlr R$ 270,83-Sequencia:1462731 -Terminal:CAIXA01 -Op:FELIPE C:71743 E:79675 -Placa:RAU3I63 -km:485033 -media:10.32 k/l|Trib aprox R$135,00 Fed, R$286,50 Est, R$0,00 Mun/Fonte IBPT|MP 1340/2026: Subvencao de R$0,32/L ate 31/12/26 sem alteracao no PIS/COF
51260761677503000190550020000042141014635304.xml;61677503000190;POSTO MACEDO ITAUBA;RAQ5F96;70;RESUMO PAGAMENTO: 947,93|  - TEF DEBITO: R$ 947,93|ICMS monofasico sobre combustiveis cobrado anteriormente conforme Convenio(s) ICMS 199/2022 Vlr R$ 163,81-Sequencia:1463530 -Terminal:CAIXA01 -Op:FELIPE C:71743 E:79675 -Placa:RAQ5F96 -km:466736|Trib aprox R$87,12 Fed, R$174,91 Est, R$0,00 Mun/Fonte;466736;105;RESUMO PAGAMENTO: 947,93|  - TEF DEBITO: R$ 947,93|ICMS monofasico sobre combustiveis cobrado anteriormente conforme Convenio(s) ICMS 199/2022 Vlr R$ 163,81-Sequencia:1463530 -Terminal:CAIXA01 -Op:FELIPE C:71743 E:79675 -Placa:RAQ5F96 -km:466736|Trib aprox R$87,12 Fed, R$174,91 Est, R$0,00 Mun/Fonte IBPT|MP 1340/2026: Subvencao de R$0,32/L ate 31/12/26 sem alteracao no PIS/COFINS
51260761677503000190550030000035521014453205.xml;61677503000190;POSTO MACEDO ITAUBA;RAX6E36;98;RESUMO PAGAMENTO: 2191,88|  - POS DEBITO: R$ 2191,88|ICMS monofasico sobre combustiveis cobrado anteriormente conforme Convenio(s) ICMS 199/2022 Vlr R$ 389,29-Sequencia:1445320 -Terminal:CAIXA02 -Op:OSMAR C:71743 E:79675 -Placa:RAX6E36|Trib aprox R$198,72 Fed, R$413,74 Est, R$0,00 Mun/Fonte IBPT|MP ;;0;
51260761677503000190550030000038071014507853.xml;61677503000190;POSTO MACEDO ITAUBA;RAU3I63;70;RESUMO PAGAMENTO: 1455,00|  - TEF DEBITO: R$ 1455,00|ICMS monofasico sobre combustiveis cobrado anteriormente conforme Convenio(s) ICMS 199/2022 Vlr R$ 262,71-Sequencia:1450785 -Terminal:CAIXA02 -Op:ELIZANA C:71743 E:79675 -Placa:RAU3I63 -km:480826 -media:18.28 k/l|Trib aprox R$130,95 Fed, R$277,90 ;480826;105;RESUMO PAGAMENTO: 1455,00|  - TEF DEBITO: R$ 1455,00|ICMS monofasico sobre combustiveis cobrado anteriormente conforme Convenio(s) ICMS 199/2022 Vlr R$ 262,71-Sequencia:1450785 -Terminal:CAIXA02 -Op:ELIZANA C:71743 E:79675 -Placa:RAU3I63 -km:480826 -media:18.28 k/l|Trib aprox R$130,95 Fed, R$277,90 Est, R$0,00 Mun/Fonte IBPT|MP 1340/2026: Subvencao de R$0,32/L ate 31/12/26 sem alteracao no PIS/COF
51260761677503000190550030000038911014524204.xml;61677503000190;POSTO MACEDO ITAUBA;RAQ5F96;70;RESUMO PAGAMENTO: 1252,51|  - TEF DEBITO: R$ 1252,51|ICMS monofasico sobre combustiveis cobrado anteriormente conforme Convenio(s) ICMS 199/2022 Vlr R$ 222,30-Sequencia:1452420 -Terminal:CAIXA02 -Op:ELIZANA C:71743 E:79675 -Placa:RAQ5F96 -km:432417 -media:38.03 k/l|Trib aprox R$114,52 Fed, R$233,14 ;432417;105;RESUMO PAGAMENTO: 1252,51|  - TEF DEBITO: R$ 1252,51|ICMS monofasico sobre combustiveis cobrado anteriormente conforme Convenio(s) ICMS 199/2022 Vlr R$ 222,30-Sequencia:1452420 -Terminal:CAIXA02 -Op:ELIZANA C:71743 E:79675 -Placa:RAQ5F96 -km:432417 -media:38.03 k/l|Trib aprox R$114,52 Fed, R$233,14 Est, R$0,00 Mun/Fonte IBPT|MP 1340/2026: Subvencao de R$0,32/L ate 31/12/26 sem alteracao no PIS/COF
51260761677503000190550030000043851014624268.xml;61677503000190;POSTO MACEDO ITAUBA;RAQ5F96;70;RESUMO PAGAMENTO: 1229,53|  - POS DEBITO: R$ 1229,53|ICMS monofasico sobre combustiveis cobrado anteriormente conforme Convenio(s) ICMS 199/2022 Vlr R$ 217,42-Sequencia:1462426 -Terminal:CAIXA02 -Op:ANGELINA C:71743 E:79675 -Placa:RAQ5F96 -km:436265 -media:6.02 k/l|Trib aprox R$112,61 Fed, R$228,21 ;436265;105;RESUMO PAGAMENTO: 1229,53|  - POS DEBITO: R$ 1229,53|ICMS monofasico sobre combustiveis cobrado anteriormente conforme Convenio(s) ICMS 199/2022 Vlr R$ 217,42-Sequencia:1462426 -Terminal:CAIXA02 -Op:ANGELINA C:71743 E:79675 -Placa:RAQ5F96 -km:436265 -media:6.02 k/l|Trib aprox R$112,61 Fed, R$228,21 Est, R$0,00 Mun/Fonte IBPT|MP 1340/2026: Subvencao de R$0,32/L ate 31/12/26 sem alteracao no PIS/COF
51260761677503000190550040000035781014530784.xml;61677503000190;POSTO MACEDO ITAUBA;RAQ5F96;70;RESUMO PAGAMENTO: 1083,69|  - TEF DEBITO: R$ 1083,69|ICMS monofasico sobre combustiveis cobrado anteriormente conforme Convenio(s) ICMS 199/2022 Vlr R$ 191,39-Sequencia:1453078 -Terminal:CAIXA03 -Op:DHEICY C:71743 E:79675 -Placa:RAQ5F96 -km:432882 -media:2.65 k/l|Trib aprox R$99,32 Fed, R$200,94 Est;432882;105;RESUMO PAGAMENTO: 1083,69|  - TEF DEBITO: R$ 1083,69|ICMS monofasico sobre combustiveis cobrado anteriormente conforme Convenio(s) ICMS 199/2022 Vlr R$ 191,39-Sequencia:1453078 -Terminal:CAIXA03 -Op:DHEICY C:71743 E:79675 -Placa:RAQ5F96 -km:432882 -media:2.65 k/l|Trib aprox R$99,32 Fed, R$200,94 Est, R$0,00 Mun/Fonte IBPT|MP 1340/2026: Subvencao de R$0,32/L ate 31/12/26 sem alteracao no PIS/COFINS
51260761677503000190550040000040351014611148.xml;61677503000190;POSTO MACEDO ITAUBA;RAQ5F96;70;RESUMO PAGAMENTO: 1043,39|  - TEF DEBITO: R$ 1043,39|ICMS monofasico sobre combustiveis cobrado anteriormente conforme Convenio(s) ICMS 199/2022 Vlr R$ 180,55-Sequencia:1461114 -Terminal:CAIXA03 -Op:ALINE C:71743 E:79675 -Placa:RAQ5F96 -km:435068 -media:13.08 k/l|Trib aprox R$95,84 Fed, R$192,74 Est;435068;105;RESUMO PAGAMENTO: 1043,39|  - TEF DEBITO: R$ 1043,39|ICMS monofasico sobre combustiveis cobrado anteriormente conforme Convenio(s) ICMS 199/2022 Vlr R$ 180,55-Sequencia:1461114 -Terminal:CAIXA03 -Op:ALINE C:71743 E:79675 -Placa:RAQ5F96 -km:435068 -media:13.08 k/l|Trib aprox R$95,84 Fed, R$192,74 Est, R$0,00 Mun/Fonte IBPT|MP 1340/2026: Subvencao de R$0,32/L ate 31/12/26 sem alteracao no PIS/COFINS
51260761677503000190550040000042301014645683.xml;61677503000190;POSTO MACEDO ITAUBA;RAQ5F96;70;RESUMO PAGAMENTO: 1209,80|  - POS DEBITO: R$ 1209,80|ICMS monofasico sobre combustiveis cobrado anteriormente conforme Convenio(s) ICMS 199/2022 Vlr R$ 216,45-Sequencia:1464568 -Terminal:CAIXA03 -Op:OSMAR C:71743 E:79675 -Placa:RAQ5F96 -km:437223|Trib aprox R$110,20 Fed, R$226,62 Est, R$0,00 Mun/Fon;437223;105;RESUMO PAGAMENTO: 1209,80|  - POS DEBITO: R$ 1209,80|ICMS monofasico sobre combustiveis cobrado anteriormente conforme Convenio(s) ICMS 199/2022 Vlr R$ 216,45-Sequencia:1464568 -Terminal:CAIXA03 -Op:OSMAR C:71743 E:79675 -Placa:RAQ5F96 -km:437223|Trib aprox R$110,20 Fed, R$226,62 Est, R$0,00 Mun/Fonte IBPT|MP 1340/2026: Subvencao de R$0,32/L ate 31/12/26 sem alteracao no PIS/COFINS
51260761677503000190550050000027501014547026.xml;61677503000190;POSTO MACEDO ITAUBA;RAU3I63;70;RESUMO PAGAMENTO: 1166,40|  - DINHEIRO: R$ 1100,00|  - TEF DEBITO: R$ 66,40|ICMS monofasico sobre combustiveis cobrado anteriormente conforme Convenio(s) ICMS 199/2022 Vlr R$ 210,60-Sequencia:1454702 -Terminal:CAIXA04 -Op:CINTIA MARTINS C:71743 E:79675 -Placa:RAU3I63 -km:482643 -media:10.09 k/l|Trib;482643;105;RESUMO PAGAMENTO: 1166,40|  - DINHEIRO: R$ 1100,00|  - TEF DEBITO: R$ 66,40|ICMS monofasico sobre combustiveis cobrado anteriormente conforme Convenio(s) ICMS 199/2022 Vlr R$ 210,60-Sequencia:1454702 -Terminal:CAIXA04 -Op:CINTIA MARTINS C:71743 E:79675 -Placa:RAU3I63 -km:482643 -media:10.09 k/l|Trib aprox R$104,98 Fed, R$222,78 Est, R$0,00 Mun/Fonte IBPT|MP 1340/2026: Subvencao de R$0,32/L ate 31/
51260806047857000143550030000150081009632880.xml;06047857000143;POSTO DALLAS;RAX6E36;98;PLACA: RAX6E36 KM: 419253 | nBico: 05 nBomba: 3 nTanque: 6 vEncIni: 3260914.490 vEncFin: 3261062.640 | Tributacao monofasica do ICMS conforme Convenio ICMS 199/2022, alterado pelo Convenio ICMS 113/2025. | Tributos aproximados: R$ 90.00 (9.00%) Federal, R$ 191.00 (19.10%) Estadual, R$ 0.00 (0.00%) M;419253;105;PLACA: RAX6E36 KM: 419253 | nBico: 05 nBomba: 3 nTanque: 6 vEncIni: 3260914.490 vEncFin: 3261062.640 | Tributacao monofasica do ICMS conforme Convenio ICMS 199/2022, alterado pelo Convenio ICMS 113/2025. | Tributos aproximados: R$ 90.00 (9.00%) Federal, R$ 191.00 (19.10%) Estadual, R$ 0.00 (0.00%) Municipal |  - Fonte: IBPT - MT  42CA5A |  | FORMA DE PAGAMENTO: |       PIX RECEBIDO: 1.000,00 | PRO
51260811512642000196550010004746011684791679.xml;11512642000196;ESTACAO AGUIA 163;RAU3I63;98;#CF:B20 EI8226119,850 EF8226263,940 V144,092 Trib aprox R$: 4,78 Federal e 182,74 Estadual Fonte: IBPT 5oi7eW PLACA: RAU-3I63 ODOM: 4858698 MOT: DIVINO REQ: MEDIA: 3.371,93 Km/Litro Atendente: 91461-CARLOS ENRIQUE RODRIGUEZ [F] PROCON/MT - AV. GENERAL RAMIRO DE NORONHA, N 294-B JARDIM CUIABA - CUIAB;4858698;110;#CF:B20 EI8226119,850 EF8226263,940 V144,092 Trib aprox R$: 4,78 Federal e 182,74 Estadual Fonte: IBPT 5oi7eW PLACA: RAU-3I63 ODOM: 4858698 MOT: DIVINO REQ: MEDIA: 3.371,93 Km/Litro Atendente: 91461-CARLOS ENRIQUE RODRIGUEZ [F] PROCON/MT - AV. GENERAL RAMIRO DE NORONHA, N 294-B JARDIM CUIABA - CUIABA/MT., TELEFONE (65) 3613-2100 Placa: RAU3I63 Odometro: 4858698Marca= Adaptive Modelo= NFCE N= 93B2C
51260820887172000136550020000721201008140623.xml;20887172000136;AUTO POSTO SAO JOSE;;0;;;0;
51260837436110000100550010001677261507372150.xml;37436110000100;AUTO POSTO VILLA LTDA;RAU3I63;98;PLACA RAU-3I63 KM 486283 Combustivel(is) sujeito(s) a Tributacao Monofasica de ICMS:  OLEO DIESEL B S10 ADITIVADO GRID - 1,17 por LITRO  ICMS Monofasico Retido: R$ 152,15 - CV.ICMS 199/2022.  Valor aproximado dos Tributos: Federais=R$ 0,00 (0,00%) Estaduais= R$ 152,15 (15,21%) Municipais= R$ 0,00 (0;486283;103;PLACA RAU-3I63 KM 486283 Combustivel(is) sujeito(s) a Tributacao Monofasica de ICMS:  OLEO DIESEL B S10 ADITIVADO GRID - 1,17 por LITRO  ICMS Monofasico Retido: R$ 152,15 - CV.ICMS 199/2022.  Valor aproximado dos Tributos: Federais=R$ 0,00 (0,00%) Estaduais= R$ 152,15 (15,21%) Municipais= R$ 0,00 (0,00%) - Fonte: IBPT
51260852501367000192550050000479041936419404.xml;52501367000192;COMERCIO DE COMBUSTIVEIS MAE CAROLINA LTDA;;0;;;0;
51260852501367000192550050000479931252521150.xml;52501367000192;COMERCIO DE COMBUSTIVEIS MAE CAROLINA LTDA;RAP8F14;98;"TRIB. APROX.: R$: 7,60 (FED), R$ 17,00 (EST), R$ 0,00 (MUN) - Fonte: IBPT/empre - 42CA5A;;Formas de PGTO;C. Debito: 100,00 - VISA DEBITO;PLACA: RAP8F14 - KM: 154286 - VEICULO: - ;;Dados para pagamento: BANCO: Sicredi - AG: 0810 - C/C: 52.100-1 - CHAVE PIX CNPJ: 52.501.367/0001-92;Procon/MT - Travess";154286;105;"TRIB. APROX.: R$: 7,60 (FED), R$ 17,00 (EST), R$ 0,00 (MUN) - Fonte: IBPT/empre - 42CA5A;;Formas de PGTO;C. Debito: 100,00 - VISA DEBITO;PLACA: RAP8F14 - KM: 154286 - VEICULO: - ;;Dados para pagamento: BANCO: Sicredi - AG: 0810 - C/C: 52.100-1 - CHAVE PIX CNPJ: 52.501.367/0001-92;Procon/MT - Travessa Paes de Oliveira, s/n, Centro de Cuiaba/MT CEP:78.005-260 - Fone 65 3613 2100;"
51260852501367000192550050000480151960355088.xml;52501367000192;COMERCIO DE COMBUSTIVEIS MAE CAROLINA LTDA;RAQ5F96;98;"TRIB. APROX.: R$: 45,41 (FED), R$ 84,97 (EST), R$ 0,00 (MUN) - Fonte: IBPT/empre - 42CA5A;;Formas de PGTO;PIX: 481,58;PLACA: RAQ5F96 - KM: 438104 - VEICULO: - ;;Dados para pagamento: BANCO: Sicredi - AG: 0810 - C/C: 52.100-1 - CHAVE PIX CNPJ: 52.501.367/0001-92;Procon/MT - Travessa Paes de Oliveira,";438104;105;"TRIB. APROX.: R$: 45,41 (FED), R$ 84,97 (EST), R$ 0,00 (MUN) - Fonte: IBPT/empre - 42CA5A;;Formas de PGTO;PIX: 481,58;PLACA: RAQ5F96 - KM: 438104 - VEICULO: - ;;Dados para pagamento: BANCO: Sicredi - AG: 0810 - C/C: 52.100-1 - CHAVE PIX CNPJ: 52.501.367/0001-92;Procon/MT - Travessa Paes de Oliveira, s/n, Centro de Cuiaba/MT CEP:78.005-260 - Fone 65 3613 2100;ICMS monofasico sobre combustiveis cobr"
51260861677503000190550030000045781014655880.xml;61677503000190;POSTO MACEDO ITAUBA;RAQ5F96;70;RESUMO PAGAMENTO: 1397,64|  - POS DEBITO: R$ 1397,64|ICMS monofasico sobre combustiveis cobrado anteriormente conforme Convenio(s) ICMS 199/2022 Vlr R$ 246,89-Sequencia:1465588 -Terminal:CAIXA02 -Op:LUDMILA C:71743 E:79675 -Placa:RAQ5F96 -km:437845 -media:2.75 k/l|Trib aprox R$128,08 Fed, R$259,19 E;437845;105;RESUMO PAGAMENTO: 1397,64|  - POS DEBITO: R$ 1397,64|ICMS monofasico sobre combustiveis cobrado anteriormente conforme Convenio(s) ICMS 199/2022 Vlr R$ 246,89-Sequencia:1465588 -Terminal:CAIXA02 -Op:LUDMILA C:71743 E:79675 -Placa:RAQ5F96 -km:437845 -media:2.75 k/l|Trib aprox R$128,08 Fed, R$259,19 Est, R$0,00 Mun/Fonte IBPT|MP 1340/2026: Subvencao de R$0,32/L ate 31/12/26 sem alteracao no PIS/COFI
